"Global_Index", "x_coord", "y_coord", "z_coord", "Pressure", "Pressure_Coefficient", "Mach_Number"
0, 9.144400000000000e-01, 6.132844266666666e+00, 0.000000000000000e+00, 9.978319380174360e-01, -3.659299862550684e-03, 9.233698324400255e-01
1, 3.611732936393964e-01, 6.119322360714671e+00, -2.471717005770997e-03, 1.024065371370027e+00, 4.061803161292657e-02, 9.183289026247664e-01
2, 3.463924010858594e-01, 6.118729482810600e+00, 0.000000000000000e+00, 1.024268625465276e+00, 4.096108807938791e-02, 9.176474191399734e-01
3, 4.067481043365616e-01, 6.121043754996140e+00, -5.131503011092086e-03, 1.022306031288334e+00, 3.764858102945862e-02, 9.196573077365970e-01
4, 4.859996104951387e-01, 6.123663844136835e+00, -8.024447495641253e-03, 1.019545787644203e+00, 3.298978470868779e-02, 9.211005716914926e-01
5, 6.008080972993990e-01, 6.126646053225055e+00, -1.089767737245689e-02, 1.013847641286883e+00, 2.337233541534451e-02, 9.232118716076747e-01
6, 7.477355229615127e-01, 6.129098309565512e+00, -1.313592645230692e-02, 9.956517010869789e-01, -7.339148854005421e-03, 9.248353223201217e-01
7, 9.144400000000000e-01, 6.130059962655052e+00, -1.399764151567731e-02, 9.962645488454256e-01, -6.304771729973012e-03, 9.239506361586980e-01
8, 1.081144477038487e+00, 6.129098309565512e+00, -1.313592645230692e-02, 1.001918941154704e+00, 3.238828575992498e-03, 9.255284157003816e-01
9, 1.228071902700601e+00, 6.126646053225055e+00, -1.089767737245690e-02, 9.855392468420261e-01, -2.440715831416066e-02, 9.278032605122186e-01
10, 1.342880389504861e+00, 6.123663844136835e+00, -8.024447495641254e-03, 9.766624160292794e-01, -3.938965698541826e-02, 9.267941505228450e-01
11, 1.422131895663438e+00, 6.121043754996140e+00, -5.131503011092094e-03, 9.756813422502094e-01, -4.104553360415640e-02, 9.259731978874750e-01
12, 1.467706706360604e+00, 6.119322360714671e+00, -2.471717005770999e-03, 9.728352917307677e-01, -4.584915654407295e-02, 9.257922766580919e-01
13, 1.482487598914141e+00, 6.118729482810600e+00, -1.139460746938324e-18, 9.735819294746152e-01, -4.458896591511074e-02, 9.255438155790462e-01
14, 1.467706706360604e+00, 6.119322360714671e+00, 2.471717005770993e-03, 9.728352314916926e-01, -4.584925821682995e-02, 9.257922570642990e-01
15, 1.422131895663438e+00, 6.121043754996140e+00, 5.131503011092085e-03, 9.756812210011180e-01, -4.104573825088108e-02, 9.259731720008220e-01
16, 1.342880389504862e+00, 6.123663844136835e+00, 8.024447495641246e-03, 9.766621374458583e-01, -3.939012718427917e-02, 9.267941475182122e-01
17, 1.228071902700601e+00, 6.126646053225055e+00, 1.089767737245689e-02, 9.855388367890020e-01, -2.440785041013705e-02, 9.278032886443753e-01
18, 1.081144477038488e+00, 6.129098309565512e+00, 1.313592645230692e-02, 1.001918547414388e+00, 3.238164012942050e-03, 9.255284384536761e-01
19, 9.144400000000001e-01, 6.130059962655052e+00, 1.399764151567731e-02, 9.962646917237297e-01, -6.304530577015821e-03, 9.239506034335514e-01
20, 7.477355229615131e-01, 6.129098309565512e+00, 1.313592645230693e-02, 9.956533573557744e-01, -7.336353369270817e-03, 9.248351601086456e-01
21, 6.008080972993994e-01, 6.126646053225055e+00, 1.089767737245690e-02, 1.013849160129826e+00, 2.337489894988159e-02, 9.232117434954261e-01
22, 4.859996104951388e-01, 6.123663844136835e+00, 8.024447495641256e-03, 1.019549380072416e+00, 3.299584808333825e-02, 9.211002447769050e-01
23, 4.067481043365619e-01, 6.121043754996140e+00, 5.131503011092095e-03, 1.022307058739121e+00, 3.765031518215051e-02, 9.196571063210754e-01
24, 3.611732936393964e-01, 6.119322360714671e+00, 2.471717005771005e-03, 1.024066404536054e+00, 4.061977541191924e-02, 9.183289125237650e-01
25, 1.060450525380305e-01, 6.104003355883344e+00, -2.002402515315564e-03, 1.026162905807686e+00, 4.415829362625909e-02, 9.062216090804434e-01
26, 9.388703140214816e-02, 6.103391699343649e+00, 0.000000000000000e+00, 1.027381244932362e+00, 4.621463160336484e-02, 9.032498161545284e-01
27, 1.469638901861748e-01, 6.105937516026202e+00, -4.835424679767856e-03, 1.027918036152833e+00, 4.712063892930273e-02, 9.117358590160722e-01
28, 2.306752173593699e-01, 6.109433837061920e+00, -9.310595475523247e-03, 1.027604381966716e+00, 4.659124690574609e-02, 9.160771658953181e-01
29, 3.799487560171312e-01, 6.114470319994206e+00, -1.576482622333470e-02, 1.033352615108345e+00, 5.629323370973662e-02, 9.191041706015052e-01
30, 6.135499001555889e-01, 6.119726858896093e+00, -2.266080556410860e-02, 1.019081307007678e+00, 3.220582468214673e-02, 9.229646035095121e-01
31, 9.144399999999999e-01, 6.122130935666195e+00, -2.586426899952906e-02, 9.984066896718157e-01, -2.689222131015946e-03, 9.257734560345445e-01
32, 1.215330099844411e+00, 6.119726858896093e+00, -2.266080556410862e-02, 9.786799077751384e-01, -3.598449268306381e-02, 9.275930713481689e-01
33, 1.448931243982869e+00, 6.114470319994206e+00, -1.576482622333470e-02, 9.619275378504057e-01, -6.425948918038459e-02, 9.269937714151167e-01
34, 1.598204782640630e+00, 6.109433837061920e+00, -9.310595475523258e-03, 9.671452441667591e-01, -5.545293652653412e-02, 9.242317737619372e-01
35, 1.681916109813825e+00, 6.105937516026202e+00, -4.835424679767864e-03, 9.708629294435638e-01, -4.917815041256451e-02, 9.241586900739845e-01
36, 1.722834947461970e+00, 6.104003355883344e+00, -2.002402515315564e-03, 9.690667642747863e-01, -5.220975513977463e-02, 9.234732793142510e-01
37, 1.734992968597852e+00, 6.103391699343649e+00, -8.725648461687863e-19, 9.718067673452988e-01, -4.758512127785106e-02, 9.216996799451175e-01
38, 1.722834947461970e+00, 6.104003355883344e+00, 2.002402515315560e-03, 9.690668054009941e-01, -5.220968572611042e-02, 9.234732418705962e-01
39, 1.681916109813825e+00, 6.105937516026202e+00, 4.835424679767859e-03, 9.708629682757973e-01, -4.917808487071746e-02, 9.241586164920434e-01
40, 1.598204782640630e+00, 6.109433837061920e+00, 9.310595475523238e-03, 9.671450672500180e-01, -5.545323513026933e-02, 9.242317445990562e-01
41, 1.448931243982869e+00, 6.114470319994206e+00, 1.576482622333468e-02, 9.619272047376043e-01, -6.426005141506162e-02, 9.269938026859481e-01
42, 1.215330099844412e+00, 6.119726858896093e+00, 2.266080556410860e-02, 9.786795820133323e-01, -3.598504251057880e-02, 9.275930961475817e-01
43, 9.144400000000003e-01, 6.122130935666195e+00, 2.586426899952906e-02, 9.984066624540000e-01, -2.689268069808256e-03, 9.257734401670630e-01
44, 6.135499001555895e-01, 6.119726858896093e+00, 2.266080556410863e-02, 1.019081757645878e+00, 3.220658527862271e-02, 9.229645684083769e-01
45, 3.799487560171316e-01, 6.114470319994206e+00, 1.576482622333472e-02, 1.033353380720639e+00, 5.629452592600422e-02, 9.191040851001721e-01
46, 2.306752173593701e-01, 6.109433837061920e+00, 9.310595475523259e-03, 1.027602998651381e+00, 4.658891211750710e-02, 9.160771100451984e-01
47, 1.469638901861752e-01, 6.105937516026202e+00, 4.835424679767869e-03, 1.027916257098678e+00, 4.711763620489836e-02, 9.117359698644691e-01
48, 1.060450525380306e-01, 6.104003355883344e+00, 2.002402515315572e-03, 1.026163182782410e+00, 4.415876110992857e-02, 9.062216812139480e-01
49, 2.494556442415108e-02, 6.097932892385726e+00, -1.041131891147590e-03, 1.019792036601824e+00, 3.340540879324955e-02, 8.811992086968089e-01
50, 1.672582625703645e-02, 6.097586917101150e+00, 0.000000000000000e+00, 1.030751611981663e+00, 5.190320682835387e-02, 8.704172086855192e-01
51, 5.438298711888490e-02, 6.098960562797836e+00, -3.251820287746724e-03, 1.014739303763932e+00, 2.487730178897452e-02, 8.985810366820136e-01
52, 1.222708636516816e-01, 6.100880318131254e+00, -7.875995701228572e-03, 1.008652401657279e+00, 1.460370250013275e-02, 9.147660508837125e-01
53, 2.648699050535223e-01, 6.104085400500020e+00, -1.634717628828906e-02, 1.014511692879453e+00, 2.449313542980800e-02, 9.197197992917798e-01
54, 5.301313520449487e-01, 6.108136319166103e+00, -2.767945074660708e-02, 1.010724094558838e+00, 1.810034863428047e-02, 9.221650726308281e-01
55, 9.144399999999999e-01, 6.110264308182344e+00, -3.379329598838484e-02, 9.980177935018200e-01, -3.345609131413785e-03, 9.248544026093747e-01
56, 1.298748647955051e+00, 6.108136319166103e+00, -2.767945074660709e-02, 9.860632001262035e-01, -2.352281912266487e-02, 9.268944279109624e-01
57, 1.564010094946477e+00, 6.104085400500020e+00, -1.634717628828909e-02, 9.817732605257899e-01, -3.076346792163458e-02, 9.279318845099433e-01
58, 1.706609136348318e+00, 6.100880318131254e+00, -7.875995701228567e-03, 9.870154499309006e-01, -2.191559220412398e-02, 9.298920824824770e-01
59, 1.774497012881115e+00, 6.098960562797836e+00, -3.251820287746723e-03, 9.786786846066418e-01, -3.598655717215474e-02, 9.311261475211768e-01
60, 1.803934435575849e+00, 6.097932892385726e+00, -1.041131891147593e-03, 9.800586279742325e-01, -3.365746021092275e-02, 9.262153965170021e-01
61, 1.812154173742964e+00, 6.097586917101150e+00, -3.903398187640715e-19, 9.853312221632126e-01, -2.475826667024615e-02, 9.148720268510130e-01
62, 1.803934435575849e+00, 6.097932892385726e+00, 1.041131891147583e-03, 9.800587166344903e-01, -3.365731056830561e-02, 9.262154034783017e-01
63, 1.774497012881115e+00, 6.098960562797836e+00, 3.251820287746720e-03, 9.786785513735649e-01, -3.598678204569800e-02, 9.311261368426179e-01
64, 1.706609136348319e+00, 6.100880318131254e+00, 7.875995701228556e-03, 9.870151323382584e-01, -2.191612824355516e-02, 9.298921002341650e-01
65, 1.564010094946478e+00, 6.104085400500020e+00, 1.634717628828906e-02, 9.817729370885826e-01, -3.076401382564374e-02, 9.279319255352823e-01
66, 1.298748647955052e+00, 6.108136319166103e+00, 2.767945074660706e-02, 9.860630799173318e-01, -2.352302201368523e-02, 9.268944391869545e-01
67, 9.144400000000004e-01, 6.110264308182344e+00, 3.379329598838485e-02, 9.980177684672190e-01, -3.345651385331128e-03, 9.248543974413124e-01
68, 5.301313520449495e-01, 6.108136319166103e+00, 2.767945074660712e-02, 1.010724259251837e+00, 1.810062660652954e-02, 9.221650846154359e-01
69, 2.648699050535231e-01, 6.104085400500020e+00, 1.634717628828911e-02, 1.014512083298984e+00, 2.449379438796886e-02, 9.197197639245122e-01
70, 1.222708636516817e-01, 6.100880318131254e+00, 7.875995701228577e-03, 1.008652080184894e+00, 1.460315991239188e-02, 9.147659474904741e-01
71, 5.438298711888501e-02, 6.098960562797836e+00, 3.251820287746730e-03, 1.014738536490284e+00, 2.487600676863974e-02, 8.985809903150772e-01
72, 2.494556442415108e-02, 6.097932892385726e+00, 1.041131891147592e-03, 1.019792111084811e+00, 3.340553450717482e-02, 8.811992396770998e-01
73, 6.975717735697939e-03, 6.096266666666667e+00, -5.514419586085814e-04, 1.114900700856534e+00, 1.939317797335504e-01, 8.281578044457210e-01
74, 0.000000000000000e+00, 6.096266666666667e+00, 0.000000000000000e+00, 1.166466391223434e+00, 2.809654186190831e-01, 7.780004635284580e-01
75, 3.250017469076583e-02, 6.096266666666667e+00, -2.552640490301735e-03, 1.064609264571934e+00, 1.090488532472557e-01, 8.672223324304104e-01
76, 9.388703140214816e-02, 6.096266666666667e+00, -7.125032676983283e-03, 1.047859823866365e+00, 8.077880074663318e-02, 9.033206545704252e-01
77, 2.306752173593699e-01, 6.096266666666667e+00, -1.612642441232718e-02, 1.041753573030037e+00, 7.047254427159964e-02, 9.187163546618173e-01
78, 5.022734664953230e-01, 6.096266666666667e+00, -2.914654924374796e-02, 1.024291868185443e+00, 4.100031762328338e-02, 9.233059822745581e-01
79, 9.144399999999999e-01, 6.096266666666667e+00, -3.657759999999999e-02, 9.978181384383397e-01, -3.682591077606563e-03, 9.269316803885000e-01
80, 1.326606533504676e+00, 6.096266666666667e+00, -2.914654924374799e-02, 9.715490016639701e-01, -4.802018352692063e-02, 9.303006373537888e-01
81, 1.598204782640630e+00, 6.096266666666667e+00, -1.612642441232719e-02, 9.529636805506204e-01, -7.938887295668982e-02, 9.325774183887273e-01
82, 1.734992968597852e+00, 6.096266666666667e+00, -7.125032676983274e-03, 9.434480384227357e-01, -9.544957058004369e-02, 9.331114872942591e-01
83, 1.796379825309234e+00, 6.096266666666667e+00, -2.552640490301740e-03, 9.501881319733501e-01, -8.407350126021122e-02, 9.286366584803286e-01
84, 1.821904282264302e+00, 6.096266666666667e+00, -5.514419586085727e-04, 9.695919790779848e-01, -5.132328673037946e-02, 9.038130162558803e-01
85, 1.828880000000000e+00, 6.096266666666667e+00, 0.000000000000000e+00, 1.026388197522598e+00, 4.453854564305691e-02, 8.451934774406720e-01
86, 1.821904282264302e+00, 6.096266666666667e+00, 5.514419586085727e-04, 9.695919837467181e-01, -5.132327885039484e-02, 9.038132182513673e-01
87, 1.796379825309234e+00, 6.096266666666667e+00, 2.552640490301724e-03, 9.501881743806555e-01, -8.407342968428386e-02, 9.286367110916195e-01
88, 1.734992968597852e+00, 6.096266666666667e+00, 7.125032676983260e-03, 9.434480357291493e-01, -9.544957512633465e-02, 9.331115106507188e-01
89, 1.598204782640630e+00, 6.096266666666667e+00, 1.612642441232717e-02, 9.529636855701716e-01, -7.938886448458744e-02, 9.325774236830737e-01
90, 1.326606533504678e+00, 6.096266666666667e+00, 2.914654924374794e-02, 9.715490376122897e-01, -4.802012285260309e-02, 9.303006224995766e-01
91, 9.144400000000004e-01, 6.096266666666667e+00, 3.657760000000000e-02, 9.978181311302586e-01, -3.682603412336899e-03, 9.269316758631545e-01
92, 5.022734664953240e-01, 6.096266666666667e+00, 2.914654924374799e-02, 1.024291881176506e+00, 4.100033954986918e-02, 9.233059888384254e-01
93, 2.306752173593705e-01, 6.096266666666667e+00, 1.612642441232721e-02, 1.041753634211622e+00, 7.047264753514350e-02, 9.187163362665270e-01
94, 9.388703140214816e-02, 6.096266666666667e+00, 7.125032676983283e-03, 1.047859859086824e+00, 8.077886019245244e-02, 9.033206074432091e-01
95, 3.250017469076594e-02, 6.096266666666667e+00, 2.552640490301742e-03, 1.064609289390033e+00, 1.090488951357568e-01, 8.672223956614383e-01
96, 6.975717735697939e-03, 6.096266666666667e+00, 5.514419586085814e-04, 1.114900798967605e+00, 1.939319453274463e-01, 8.281579004562798e-01
97, 6.975717735697939e-03, 6.005543796924609e+00, -5.514419586085814e-04, 1.131085361472244e+00, 2.212485847155070e-01, 8.140921288858405e-01
98, 0.000000000000000e+00, 6.005543796924609e+00, 0.000000000000000e+00, 1.199657867475538e+00, 3.369866788339493e-01, 7.512731017000265e-01
99, 3.250017469076583e-02, 6.005543796924609e+00, -2.552640490301735e-03, 1.079174170538038e+00, 1.336318028254767e-01, 8.552798690990004e-01
100, 9.388703140214816e-02, 6.005543796924609e+00, -7.125032676983283e-03, 1.063951269860841e+00, 1.079382761626395e-01, 8.978902624498062e-01
101, 2.306752173593699e-01, 6.005543796924609e+00, -1.612642441232718e-02, 1.056266724607000e+00, 9.496814172123935e-02, 9.177597791823592e-01
102, 5.022734664953230e-01, 6.005543796924609e+00, -2.914654924374796e-02, 1.032358774243046e+00, 5.461580853876213e-02, 9.234940941096204e-01
103, 9.144399999999999e-01, 6.005543796924609e+00, -3.657759999999999e-02, 9.985185775892267e-01, -2.500375389503974e-03, 9.278397442342495e-01
104, 1.326606533504676e+00, 6.005543796924609e+00, -2.914654924374799e-02, 9.651600931842265e-01, -5.880351541954756e-02, 9.324069051376196e-01
105, 1.598204782640630e+00, 6.005543796924609e+00, -1.612642441232719e-02, 9.402420157882124e-01, -1.008607619021529e-01, 9.362941702996450e-01
106, 1.734992968597852e+00, 6.005543796924609e+00, -7.125032676983274e-03, 9.266082206891001e-01, -1.238721632981702e-01, 9.371463125097999e-01
107, 1.796379825309234e+00, 6.005543796924609e+00, -2.552640490301740e-03, 9.392408590369972e-01, -1.025505349767129e-01, 9.309590445889353e-01
108, 1.821904282264302e+00, 6.005543796924609e+00, -5.514419586085727e-04, 9.616305356833527e-01, -6.476077558170291e-02, 8.980601143658865e-01
109, 1.828880000000000e+00, 6.005543796924609e+00, 0.000000000000000e+00, 1.042521028398701e+00, 7.176787131835914e-02, 8.219625041837415e-01
110, 1.821904282264302e+00, 6.005543796924609e+00, 5.514419586085727e-04, 9.616305199906889e-01, -6.476080206810536e-02, 8.980601537027872e-01
111, 1.796379825309234e+00, 6.005543796924609e+00, 2.552640490301724e-03, 9.392408863827365e-01, -1.025504888220083e-01, 9.309590498774044e-01
112, 1.734992968597852e+00, 6.005543796924609e+00, 7.125032676983260e-03, 9.266082356706178e-01, -1.238721380120548e-01, 9.371463057050103e-01
113, 1.598204782640630e+00, 6.005543796924609e+00, 1.612642441232717e-02, 9.402420334864612e-01, -1.008607320306826e-01, 9.362941663406158e-01
114, 1.326606533504678e+00, 6.005543796924609e+00, 2.914654924374794e-02, 9.651601122224261e-01, -5.880348328648031e-02, 9.324068994696737e-01
115, 9.144400000000004e-01, 6.005543796924609e+00, 3.657760000000000e-02, 9.985185733633603e-01, -2.500382522008758e-03, 9.278397433022645e-01
116, 5.022734664953240e-01, 6.005543796924609e+00, 2.914654924374799e-02, 1.032358764161525e+00, 5.461579152296327e-02, 9.234940964789589e-01
117, 2.306752173593705e-01, 6.005543796924609e+00, 1.612642441232721e-02, 1.056266750276769e+00, 9.496818504720718e-02, 9.177597727006915e-01
118, 9.388703140214816e-02, 6.005543796924609e+00, 7.125032676983283e-03, 1.063951278509709e+00, 1.079382907603783e-01, 8.978902360158624e-01
119, 3.250017469076594e-02, 6.005543796924609e+00, 2.552640490301742e-03, 1.079174159654701e+00, 1.336317844563552e-01, 8.552798642861676e-01
120, 6.975717735697939e-03, 6.005543796924609e+00, 5.514419586085814e-04, 1.131085389562410e+00, 2.212486321266713e-01, 8.140921332551380e-01
121, 6.975717735697939e-03, 5.889053326300956e+00, -5.514419586085814e-04, 1.135089181664921e+00, 2.280063152594529e-01, 8.114634580760941e-01
122, 0.000000000000000e+00, 5.889053326300956e+00, 0.000000000000000e+00, 1.206601157241976e+00, 3.487057069301518e-01, 7.463735130953535e-01
123, 3.250017469076583e-02, 5.889053326300956e+00, -2.552640490301735e-03, 1.084590899149601e+00, 1.427742694261422e-01, 8.519431587730041e-01
124, 9.388703140214816e-02, 5.889053326300956e+00, -7.125032676983283e-03, 1.071727698880604e+00, 1.210634939248656e-01, 8.964561188715733e-01
125, 2.306752173593699e-01, 5.889053326300956e+00, -1.612642441232718e-02, 1.063088122836677e+00, 1.064814387602563e-01, 9.174435324102410e-01
126, 5.022734664953230e-01, 5.889053326300956e+00, -2.914654924374796e-02, 1.035869234892808e+00, 6.054083664057563e-02, 9.234343300604884e-01
127, 9.144399999999999e-01, 5.889053326300956e+00, -3.657759999999999e-02, 9.989972690585005e-01, -1.692430025485243e-03, 9.280222745598592e-01
128, 1.326606533504676e+00, 5.889053326300956e+00, -2.914654924374799e-02, 9.629207585619849e-01, -6.258311071768687e-02, 9.329958732631237e-01
129, 1.598204782640630e+00, 5.889053326300956e+00, -1.612642441232719e-02, 9.352590983532006e-01, -1.092710330252487e-01, 9.375483754240993e-01
130, 1.734992968597852e+00, 5.889053326300956e+00, -7.125032676983274e-03, 9.190772267658279e-01, -1.365831306274846e-01, 9.390234578892613e-01
131, 1.796379825309234e+00, 5.889053326300956e+00, -2.552640490301740e-03, 9.321363606768878e-01, -1.145416542720636e-01, 9.331008227711670e-01
132, 1.821904282264302e+00, 5.889053326300956e+00, -5.514419586085727e-04, 9.543497072988143e-01, -7.704950833983544e-02, 8.998832985368562e-01
133, 1.828880000000000e+00, 5.889053326300956e+00, 0.000000000000000e+00, 1.035596712819733e+00, 6.008086824826658e-02, 8.218641860089334e-01
134, 1.821904282264302e+00, 5.889053326300956e+00, 5.514419586085727e-04, 9.543497185933082e-01, -7.704948927675501e-02, 8.998832768153169e-01
135, 1.796379825309234e+00, 5.889053326300956e+00, 2.552640490301724e-03, 9.321363748114126e-01, -1.145416304155201e-01, 9.331008362454035e-01
136, 1.734992968597852e+00, 5.889053326300956e+00, 7.125032676983260e-03, 9.190772405429086e-01, -1.365831073742428e-01, 9.390234554833199e-01
137, 1.598204782640630e+00, 5.889053326300956e+00, 1.612642441232717e-02, 9.352591071108759e-01, -1.092710182438633e-01, 9.375483736670005e-01
138, 1.326606533504678e+00, 5.889053326300956e+00, 2.914654924374794e-02, 9.629207634445442e-01, -6.258310247680218e-02, 9.329958720765883e-01
139, 9.144400000000004e-01, 5.889053326300956e+00, 3.657760000000000e-02, 9.989972682580369e-01, -1.692431376524239e-03, 9.280222743752430e-01
140, 5.022734664953240e-01, 5.889053326300956e+00, 2.914654924374799e-02, 1.035869232443149e+00, 6.054083250599025e-02, 9.234343300009382e-01
141, 2.306752173593705e-01, 5.889053326300956e+00, 1.612642441232721e-02, 1.063088123417574e+00, 1.064814397407061e-01, 9.174435276738022e-01
142, 9.388703140214816e-02, 5.889053326300956e+00, 7.125032676983283e-03, 1.071727685796401e+00, 1.210634718410767e-01, 8.964561017988119e-01
143, 3.250017469076594e-02, 5.889053326300956e+00, 2.552640490301742e-03, 1.084590887879719e+00, 1.427742504046035e-01, 8.519431381375113e-01
144, 6.975717735697939e-03, 5.889053326300956e+00, 5.514419586085814e-04, 1.135089205000196e+00, 2.280063546452129e-01, 8.114634385527154e-01
145, 6.975717735697939e-03, 5.739476601218268e+00, -5.514419586085814e-04, 1.135267913724524e+00, 2.283079829268898e-01, 8.112862025424172e-01
146, 0.000000000000000e+00, 5.739476601218268e+00, 0.000000000000000e+00, 1.206206438387417e+00, 3.480394922823001e-01, 7.466256250230506e-01
147, 3.250017469076583e-02, 5.739476601218268e+00, -2.552640490301735e-03, 1.085443177381750e+00, 1.442127622565313e-01, 8.511424427813647e-01
148, 9.388703140214816e-02, 5.739476601218268e+00, -7.125032676983283e-03, 1.073667113069731e+00, 1.243368773118601e-01, 8.960090209728276e-01
149, 2.306752173593699e-01, 5.739476601218268e+00, -1.612642441232718e-02, 1.064766959494338e+00, 1.093150139993558e-01, 9.173000953369707e-01
150, 5.022734664953230e-01, 5.739476601218268e+00, -2.914654924374796e-02, 1.036709868410666e+00, 6.195967528130182e-02, 9.233941720090273e-01
151, 9.144399999999999e-01, 5.739476601218268e+00, -3.657759999999999e-02, 9.991068073443302e-01, -1.507549040760504e-03, 9.280793104833331e-01
152, 1.326606533504676e+00, 5.739476601218268e+00, -2.914654924374799e-02, 9.623852843543959e-01, -6.348689516203779e-02, 9.331377831383882e-01
153, 1.598204782640630e+00, 5.739476601218268e+00, -1.612642441232719e-02, 9.341056039531486e-01, -1.112179247347614e-01, 9.377915376603074e-01
154, 1.734992968597852e+00, 5.739476601218268e+00, -7.125032676983274e-03, 9.173895534967123e-01, -1.394316204821897e-01, 9.393840162836393e-01
155, 1.796379825309234e+00, 5.739476601218268e+00, -2.552640490301740e-03, 9.305084454664794e-01, -1.172892832391315e-01, 9.333448018965740e-01
156, 1.821904282264302e+00, 5.739476601218268e+00, -5.514419586085727e-04, 9.529553136789908e-01, -7.940299473570285e-02, 9.004895528951493e-01
157, 1.828880000000000e+00, 5.739476601218268e+00, 0.000000000000000e+00, 1.034251657159211e+00, 5.781065548070929e-02, 8.215677779621884e-01
158, 1.821904282264302e+00, 5.739476601218268e+00, 5.514419586085727e-04, 9.529553090154107e-01, -7.940300260698978e-02, 9.004895170649645e-01
159, 1.796379825309234e+00, 5.739476601218268e+00, 2.552640490301724e-03, 9.305084577929257e-01, -1.172892624343004e-01, 9.333448131909717e-01
160, 1.734992968597852e+00, 5.739476601218268e+00, 7.125032676983260e-03, 9.173895580425216e-01, -1.394316128096786e-01, 9.393840176130259e-01
161, 1.598204782640630e+00, 5.739476601218268e+00, 1.612642441232717e-02, 9.341056043649723e-01, -1.112179240396769e-01, 9.377915376836717e-01
162, 1.326606533504678e+00, 5.739476601218268e+00, 2.914654924374794e-02, 9.623852847976565e-01, -6.348689441389330e-02, 9.331377830799170e-01
163, 9.144400000000004e-01, 5.739476601218268e+00, 3.657760000000000e-02, 9.991068071803417e-01, -1.507549317543669e-03, 9.280793104447617e-01
164, 5.022734664953240e-01, 5.739476601218268e+00, 2.914654924374799e-02, 1.036709867925308e+00, 6.195967446210572e-02, 9.233941715215275e-01
165, 2.306752173593705e-01, 5.739476601218268e+00, 1.612642441232721e-02, 1.064766957558399e+00, 1.093150107318372e-01, 9.173000910302577e-01
166, 9.388703140214816e-02, 5.739476601218268e+00, 7.125032676983283e-03, 1.073667100131834e+00, 1.243368554750103e-01, 8.960090055171165e-01
167, 3.250017469076594e-02, 5.739476601218268e+00, 2.552640490301742e-03, 1.085443167315003e+00, 1.442127452656675e-01, 8.511424185173084e-01
168, 6.975717735697939e-03, 5.739476601218268e+00, 5.514419586085814e-04, 1.135267934935585e+00, 2.283080187273571e-01, 8.112861774897296e-01
169, 6.975717735697939e-03, 5.547416284467182e+00, -5.514419586085814e-04, 1.135276429011330e+00, 2.283223552041074e-01, 8.111859455155482e-01
170, 0.000000000000000e+00, 5.547416284467182e+00, 0.000000000000000e+00, 1.204872504364004e+00, 3.457880508439176e-01, 7.474611098349113e-01
171, 3.250017469076583e-02, 5.547416284467182e+00, -2.552640490301735e-03, 1.085716119250742e+00, 1.446734391890724e-01, 8.507873541167187e-01
172, 9.388703140214816e-02, 5.547416284467182e+00, -7.125032676983283e-03, 1.074422041650784e+00, 1.256110613873615e-01, 8.957608041966528e-01
173, 2.306752173593699e-01, 5.547416284467182e+00, -1.612642441232718e-02, 1.065340673798526e+00, 1.102833408697776e-01, 9.171879587430165e-01
174, 5.022734664953230e-01, 5.547416284467182e+00, -2.914654924374796e-02, 1.036980718623152e+00, 6.241682187272426e-02, 9.233584802288888e-01
175, 9.144399999999999e-01, 5.547416284467182e+00, -3.657759999999999e-02, 9.991206801731256e-01, -1.484134193347272e-03, 9.281203803935791e-01
176, 1.326606533504676e+00, 5.547416284467182e+00, -2.914654924374799e-02, 9.621413389728934e-01, -6.389863122317471e-02, 9.332184574759292e-01
177, 1.598204782640630e+00, 5.547416284467182e+00, -1.612642441232719e-02, 9.336169014192388e-01, -1.120427669807609e-01, 9.378845716581451e-01
178, 1.734992968597852e+00, 5.547416284467182e+00, -7.125032676983274e-03, 9.166779829708165e-01, -1.406326239352949e-01, 9.395123470609252e-01
179, 1.796379825309234e+00, 5.547416284467182e+00, -2.552640490301740e-03, 9.298391285741329e-01, -1.184189701354765e-01, 9.331796557225194e-01
180, 1.821904282264302e+00, 5.547416284467182e+00, -5.514419586085727e-04, 9.525835221105818e-01, -8.003051223571794e-02, 9.005152728370998e-01
181, 1.828880000000000e+00, 5.547416284467182e+00, 0.000000000000000e+00, 1.035668212479361e+00, 6.020154685282340e-02, 8.209789416749591e-01
182, 1.821904282264302e+00, 5.547416284467182e+00, 5.514419586085727e-04, 9.525835133689615e-01, -8.003052699000554e-02, 9.005152295010541e-01
183, 1.796379825309234e+00, 5.547416284467182e+00, 2.552640490301724e-03, 9.298391440855949e-01, -1.184189439549101e-01, 9.331796660792228e-01
184, 1.734992968597852e+00, 5.547416284467182e+00, 7.125032676983260e-03, 9.166779863454253e-01, -1.406326182395603e-01, 9.395123499408661e-01
185, 1.598204782640630e+00, 5.547416284467182e+00, 1.612642441232717e-02, 9.336169007076506e-01, -1.120427681817942e-01, 9.378845720336012e-01
186, 1.326606533504678e+00, 5.547416284467182e+00, 2.914654924374794e-02, 9.621413390053382e-01, -6.389863116841386e-02, 9.332184575241834e-01
187, 9.144400000000004e-01, 5.547416284467182e+00, 3.657760000000000e-02, 9.991206801643425e-01, -1.484134208171546e-03, 9.281203803557714e-01
188, 5.022734664953240e-01, 5.547416284467182e+00, 2.914654924374799e-02, 1.036980718495572e+00, 6.241682165739219e-02, 9.233584797097497e-01
189, 2.306752173593705e-01, 5.547416284467182e+00, 1.612642441232721e-02, 1.065340671501214e+00, 1.102833369923270e-01, 9.171879545946620e-01
190, 9.388703140214816e-02, 5.547416284467182e+00, 7.125032676983283e-03, 1.074422028528933e+00, 1.256110392400300e-01, 8.957607889606120e-01
191, 3.250017469076594e-02, 5.547416284467182e+00, 2.552640490301742e-03, 1.085716108983585e+00, 1.446734218599537e-01, 8.507873287903552e-01
192, 6.975717735697939e-03, 5.547416284467182e+00, 5.514419586085814e-04, 1.135276450506038e+00, 2.283223914833210e-01, 8.111859189405723e-01
193, 6.975717735697939e-03, 5.300805956221689e+00, -5.514419586085814e-04, 1.135361114731934e+00, 2.284652895151473e-01, 8.110514297209088e-01
194, 0.000000000000000e+00, 5.300805956221689e+00, 0.000000000000000e+00, 1.203465988724385e+00, 3.434141046522830e-01, 7.482976045397400e-01
195, 3.250017469076583e-02, 5.300805956221689e+00, -2.552640490301735e-03, 1.085940281680772e+00, 1.450517851754853e-01, 8.505184608266101e-01
196, 9.388703140214816e-02, 5.300805956221689e+00, -7.125032676983283e-03, 1.074918185695904e+00, 1.264484635699171e-01, 8.955585688835724e-01
197, 2.306752173593699e-01, 5.300805956221689e+00, -1.612642441232718e-02, 1.065669966779005e+00, 1.108391283739625e-01, 9.170800394718345e-01
198, 5.022734664953230e-01, 5.300805956221689e+00, -2.914654924374796e-02, 1.037138336547958e+00, 6.268285266668627e-02, 9.233203868689628e-01
199, 9.144399999999999e-01, 5.300805956221689e+00, -3.657759999999999e-02, 9.991169943372682e-01, -1.490355223352360e-03, 9.281536682933895e-01
200, 1.326606533504676e+00, 5.300805956221689e+00, -2.914654924374799e-02, 9.619465691133102e-01, -6.422736782117502e-02, 9.332896640572012e-01
201, 1.598204782640630e+00, 5.300805956221689e+00, -1.612642441232719e-02, 9.332526490462467e-01, -1.126575596707961e-01, 9.379568293454456e-01
202, 1.734992968597852e+00, 5.300805956221689e+00, -7.125032676983274e-03, 9.161548321454501e-01, -1.415156087202097e-01, 9.395990674874843e-01
203, 1.796379825309234e+00, 5.300805956221689e+00, -2.552640490301740e-03, 9.293108036644128e-01, -1.193106878469944e-01, 9.329430147495245e-01
204, 1.821904282264302e+00, 5.300805956221689e+00, -5.514419586085727e-04, 9.524063179311394e-01, -8.032960111541422e-02, 9.005794291342998e-01
205, 1.828880000000000e+00, 5.300805956221689e+00, 0.000000000000000e+00, 1.036687427921219e+00, 6.192179975901172e-02, 8.211100003392615e-01
206, 1.821904282264302e+00, 5.300805956221689e+00, 5.514419586085727e-04, 9.524063056674280e-01, -8.032962181435997e-02, 9.005793796817111e-01
207, 1.796379825309234e+00, 5.300805956221689e+00, 2.552640490301724e-03, 9.293108257446677e-01, -1.193106505794833e-01, 9.329430236188717e-01
208, 1.734992968597852e+00, 5.300805956221689e+00, 7.125032676983260e-03, 9.161548356051854e-01, -1.415156028807970e-01, 9.395990709165166e-01
209, 1.598204782640630e+00, 5.300805956221689e+00, 1.612642441232717e-02, 9.332526482535125e-01, -1.126575610087893e-01, 9.379568298160122e-01
210, 1.326606533504678e+00, 5.300805956221689e+00, 2.914654924374794e-02, 9.619465691299928e-01, -6.422736779301788e-02, 9.332896640979014e-01
211, 9.144400000000004e-01, 5.300805956221689e+00, 3.657760000000000e-02, 9.991169943434497e-01, -1.490355212919097e-03, 9.281536682540186e-01
212, 5.022734664953240e-01, 5.300805956221689e+00, 2.914654924374799e-02, 1.037138336451877e+00, 6.268285250451816e-02, 9.233203863654381e-01
213, 2.306752173593705e-01, 5.300805956221689e+00, 1.612642441232721e-02, 1.065669964461830e+00, 1.108391244629860e-01, 9.170800354329824e-01
214, 9.388703140214816e-02, 5.300805956221689e+00, 7.125032676983283e-03, 1.074918172517905e+00, 1.264484413278172e-01, 8.955585537210351e-01
215, 3.250017469076594e-02, 5.300805956221689e+00, 2.552640490301742e-03, 1.085940271384031e+00, 1.450517677964335e-01, 8.505184347834874e-01
216, 6.975717735697939e-03, 5.300805956221689e+00, 5.514419586085814e-04, 1.135361136992436e+00, 2.284653270868829e-01, 8.110514021719150e-01
217, 6.975717735697939e-03, 4.984152026736770e+00, -5.514419586085814e-04, 1.135483197614481e+00, 2.286713435297081e-01, 8.109185223863609e-01
218, 0.000000000000000e+00, 4.984152026736770e+00, 0.000000000000000e+00, 1.202132842604835e+00, 3.411639930543386e-01, 7.490602373449535e-01
219, 3.250017469076583e-02, 4.984152026736770e+00, -2.552640490301735e-03, 1.086149653366487e+00, 1.454051670376843e-01, 8.502984090054517e-01
220, 9.388703140214816e-02, 4.984152026736770e+00, -7.125032676983283e-03, 1.075302235707669e+00, 1.270966711242053e-01, 8.953852086566474e-01
221, 2.306752173593699e-01, 4.984152026736770e+00, -1.612642441232718e-02, 1.065908429996360e+00, 1.112416115250475e-01, 9.169817422383827e-01
222, 5.022734664953230e-01, 4.984152026736770e+00, -2.914654924374796e-02, 1.037265808469617e+00, 6.289800241293775e-02, 9.232837521615499e-01
223, 9.144399999999999e-01, 4.984152026736770e+00, -3.657759999999999e-02, 9.991116590606450e-01, -1.499360213602096e-03, 9.281805745208548e-01
224, 1.326606533504676e+00, 4.984152026736770e+00, -2.914654924374799e-02, 9.617684808266036e-01, -6.452794891540035e-02, 9.333557477594574e-01
225, 1.598204782640630e+00, 4.984152026736770e+00, -1.612642441232719e-02, 9.329400699540273e-01, -1.131851371286333e-01, 9.380239959918498e-01
226, 1.734992968597852e+00, 4.984152026736770e+00, -7.125032676983274e-03, 9.157408931563985e-01, -1.422142635086442e-01, 9.396619666923524e-01
227, 1.796379825309234e+00, 4.984152026736770e+00, -2.552640490301740e-03, 9.288871544156901e-01, -1.200257318125673e-01, 9.326801873782871e-01
228, 1.821904282264302e+00, 4.984152026736770e+00, -5.514419586085727e-04, 9.524203987291110e-01, -8.030583525332333e-02, 9.007692362889912e-01
229, 1.828880000000000e+00, 4.984152026736770e+00, 0.000000000000000e+00, 1.036748597833395e+00, 6.202504360213774e-02, 8.219113369836600e-01
230, 1.821904282264302e+00, 4.984152026736770e+00, 5.514419586085727e-04, 9.524203826976027e-01, -8.030586231163474e-02, 9.007691820738943e-01
231, 1.796379825309234e+00, 4.984152026736770e+00, 2.552640490301724e-03, 9.288871828652185e-01, -1.200256837948648e-01, 9.326801950462764e-01
232, 1.734992968597852e+00, 4.984152026736770e+00, 7.125032676983260e-03, 9.157408965609863e-01, -1.422142577623104e-01, 9.396619704674805e-01
233, 1.598204782640630e+00, 4.984152026736770e+00, 1.612642441232717e-02, 9.329400691292032e-01, -1.131851385207885e-01, 9.380239965488913e-01
234, 1.326606533504678e+00, 4.984152026736770e+00, 2.914654924374794e-02, 9.617684808415293e-01, -6.452794889020839e-02, 9.333557477936948e-01
235, 9.144400000000004e-01, 4.984152026736770e+00, 3.657760000000000e-02, 9.991116590683835e-01, -1.499360200540936e-03, 9.281805744819720e-01
236, 5.022734664953240e-01, 4.984152026736770e+00, 2.914654924374799e-02, 1.037265808377849e+00, 6.289800225804995e-02, 9.232837516738458e-01
237, 2.306752173593705e-01, 4.984152026736770e+00, 1.612642441232721e-02, 1.065908427696289e+00, 1.112416076429393e-01, 9.169817382878429e-01
238, 9.388703140214816e-02, 4.984152026736770e+00, 7.125032676983283e-03, 1.075302222589205e+00, 1.270966489825906e-01, 8.953851935444813e-01
239, 3.250017469076594e-02, 4.984152026736770e+00, 2.552640490301742e-03, 1.086149643233661e+00, 1.454051499352900e-01, 8.502983824081599e-01
240, 6.975717735697939e-03, 4.984152026736770e+00, 5.514419586085814e-04, 1.135483220617092e+00, 2.286713823539900e-01, 8.109184940480961e-01
241, 6.975717735697939e-03, 4.577560332984086e+00, -5.514419586085814e-04, 1.135617676527892e+00, 2.288983198215847e-01, 8.108006618771302e-01
242, 0.000000000000000e+00, 4.577560332984086e+00, 0.000000000000000e+00, 1.200930557883607e+00, 3.391347520314730e-01, 7.497288391796136e-01
243, 3.250017469076583e-02, 4.577560332984086e+00, -2.552640490301735e-03, 1.086337501625536e+00, 1.457222212151223e-01, 8.501185943956402e-01
244, 9.388703140214816e-02, 4.577560332984086e+00, -7.125032676983283e-03, 1.075612279377807e+00, 1.276199692442055e-01, 8.952379393469804e-01
245, 2.306752173593699e-01, 4.577560332984086e+00, -1.612642441232718e-02, 1.066103513764705e+00, 1.115708779447496e-01, 9.168966312370683e-01
246, 5.022734664953230e-01, 4.577560332984086e+00, -2.914654924374796e-02, 1.037386195085130e+00, 6.310119343290833e-02, 9.232505509055209e-01
247, 9.144399999999999e-01, 4.577560332984086e+00, -3.657759999999999e-02, 9.991093512558004e-01, -1.503255374358021e-03, 9.282020217504444e-01
248, 1.326606533504676e+00, 4.577560332984086e+00, -2.914654924374799e-02, 9.616017353005003e-01, -6.480938546364383e-02, 9.334161724599042e-01
249, 1.598204782640630e+00, 4.577560332984086e+00, -1.612642441232719e-02, 9.326598893566728e-01, -1.136580317366447e-01, 9.380886973071055e-01
250, 1.734992968597852e+00, 4.577560332984086e+00, -7.125032676983274e-03, 9.153998370773796e-01, -1.427899050138746e-01, 9.397128041301531e-01
251, 1.796379825309234e+00, 4.577560332984086e+00, -2.552640490301740e-03, 9.285435320288444e-01, -1.206057047852342e-01, 9.324268482263204e-01
252, 1.821904282264302e+00, 4.577560332984086e+00, -5.514419586085727e-04, 9.525591064821871e-01, -8.007172143838255e-02, 9.010147627603421e-01
253, 1.828880000000000e+00, 4.577560332984086e+00, 0.000000000000000e+00, 1.036207626265472e+00, 6.111198059929754e-02, 8.230241532257908e-01
254, 1.821904282264302e+00, 4.577560332984086e+00, 5.514419586085727e-04, 9.525590872469856e-01, -8.007175390395360e-02, 9.010147050179065e-01
255, 1.796379825309234e+00, 4.577560332984086e+00, 2.552640490301724e-03, 9.285435659492111e-01, -1.206056475337378e-01, 9.324268550344166e-01
256, 1.734992968597852e+00, 4.577560332984086e+00, 7.125032676983260e-03, 9.153998402760585e-01, -1.427898996150782e-01, 9.397128081356899e-01
257, 1.598204782640630e+00, 4.577560332984086e+00, 1.612642441232717e-02, 9.326598885037375e-01, -1.136580331762465e-01, 9.380886979435628e-01
258, 1.326606533504678e+00, 4.577560332984086e+00, 2.914654924374794e-02, 9.616017353131698e-01, -6.480938544225993e-02, 9.334161724898746e-01
259, 9.144400000000004e-01, 4.577560332984086e+00, 3.657760000000000e-02, 9.991093512643298e-01, -1.503255359961924e-03, 9.282020217121854e-01
260, 5.022734664953240e-01, 4.577560332984086e+00, 2.914654924374799e-02, 1.037386194996335e+00, 6.310119328303872e-02, 9.232505504307886e-01
261, 2.306752173593705e-01, 4.577560332984086e+00, 1.612642441232721e-02, 1.066103511486570e+00, 1.115708740996651e-01, 9.168966273570087e-01
262, 9.388703140214816e-02, 4.577560332984086e+00, 7.125032676983283e-03, 1.075612266378080e+00, 1.276199473029977e-01, 8.952379242654257e-01
263, 3.250017469076594e-02, 4.577560332984086e+00, 2.552640490301742e-03, 1.086337491794870e+00, 1.457222046227212e-01, 8.501185673334931e-01
264, 6.975717735697939e-03, 4.577560332984086e+00, 5.514419586085814e-04, 1.135617700244219e+00, 2.288983598504910e-01, 8.108006328797647e-01
265, 6.975717735697939e-03, 4.055486263991520e+00, -5.514419586085814e-04, 1.135750836472011e+00, 2.291230699298053e-01, 8.107033258739738e-01
266, 0.000000000000000e+00, 4.055486263991520e+00, 0.000000000000000e+00, 1.199897802176382e+00, 3.373916455853058e-01, 7.502967523656043e-01
267, 3.250017469076583e-02, 4.055486263991520e+00, -2.552640490301735e-03, 1.086501564056237e+00, 1.459991291794433e-01, 8.499742806188154e-01
268, 9.388703140214816e-02, 4.055486263991520e+00, -7.125032676983283e-03, 1.075865198209666e+00, 1.280468508804788e-01, 8.951162205802979e-01
269, 2.306752173593699e-01, 4.055486263991520e+00, -1.612642441232718e-02, 1.066271487130099e+00, 1.118543868655460e-01, 9.168259116306399e-01
270, 5.022734664953230e-01, 4.055486263991520e+00, -2.914654924374796e-02, 1.037502273139773e+00, 6.329711237471843e-02, 9.232215980965973e-01
271, 9.144399999999999e-01, 4.055486263991520e+00, -3.657759999999999e-02, 9.991110368790124e-01, -1.500410344632104e-03, 9.282185786577343e-01
272, 1.326606533504676e+00, 4.055486263991520e+00, -2.914654924374799e-02, 9.614500553594250e-01, -6.506539400583149e-02, 9.334692381697067e-01
273, 1.598204782640630e+00, 4.055486263991520e+00, -1.612642441232719e-02, 9.324106267323059e-01, -1.140787423502803e-01, 9.381493394111959e-01
274, 1.734992968597852e+00, 4.055486263991520e+00, -7.125032676983274e-03, 9.151138577896666e-01, -1.432725867714242e-01, 9.397575215308509e-01
275, 1.796379825309234e+00, 4.055486263991520e+00, -2.552640490301740e-03, 9.282607050475604e-01, -1.210830660147846e-01, 9.322088935677493e-01
276, 1.821904282264302e+00, 4.055486263991520e+00, -5.514419586085727e-04, 9.527429007029371e-01, -7.976150975064628e-02, 9.012563525310157e-01
277, 1.828880000000000e+00, 4.055486263991520e+00, 0.000000000000000e+00, 1.035430043607618e+00, 5.979956050435088e-02, 8.241702264423320e-01
278, 1.821904282264302e+00, 4.055486263991520e+00, 5.514419586085727e-04, 9.527428791359966e-01, -7.976154615177451e-02, 9.012562922062596e-01
279, 1.796379825309234e+00, 4.055486263991520e+00, 2.552640490301724e-03, 9.282607434282486e-01, -1.210830012350652e-01, 9.322088997478477e-01
280, 1.734992968597852e+00, 4.055486263991520e+00, 7.125032676983260e-03, 9.151138607241972e-01, -1.432725818184627e-01, 9.397575256854442e-01
281, 1.598204782640630e+00, 4.055486263991520e+00, 1.612642441232717e-02, 9.324106258588275e-01, -1.140787438245553e-01, 9.381493401150370e-01
282, 1.326606533504678e+00, 4.055486263991520e+00, 2.914654924374794e-02, 9.614500553706122e-01, -6.506539398694938e-02, 9.334692381962306e-01
283, 9.144400000000004e-01, 4.055486263991520e+00, 3.657760000000000e-02, 9.991110368881606e-01, -1.500410329191520e-03, 9.282185786199929e-01
284, 5.022734664953240e-01, 4.055486263991520e+00, 2.914654924374799e-02, 1.037502273052833e+00, 6.329711222797928e-02, 9.232215976322332e-01
285, 2.306752173593705e-01, 4.055486263991520e+00, 1.612642441232721e-02, 1.066271484871408e+00, 1.118543830532805e-01, 9.168259078067071e-01
286, 9.388703140214816e-02, 4.055486263991520e+00, 7.125032676983283e-03, 1.075865185341777e+00, 1.280468291617900e-01, 8.951162055268913e-01
287, 3.250017469076594e-02, 4.055486263991520e+00, 2.552640490301742e-03, 1.086501554548632e+00, 1.459991131323121e-01, 8.499742532284339e-01
288, 6.975717735697939e-03, 4.055486263991520e+00, 5.514419586085814e-04, 1.135750860804594e+00, 2.291231109988420e-01, 8.107032963932131e-01
289, 6.975717735697939e-03, 3.385129890011477e+00, -5.514419586085814e-04, 1.135875371279514e+00, 2.293332623540275e-01, 8.106239785143038e-01
290, 0.000000000000000e+00, 3.385129890011477e+00, 0.000000000000000e+00, 1.199040338191691e+00, 3.359444001345048e-01, 7.507681535707130e-01
291, 3.250017469076583e-02, 3.385129890011477e+00, -2.552640490301735e-03, 1.086637901094111e+00, 1.462292416522269e-01, 8.498631462557514e-01
292, 9.388703140214816e-02, 3.385129890011477e+00, -7.125032676983283e-03, 1.076066034006225e+00, 1.283858256923861e-01, 8.950205257381371e-01
293, 2.306752173593699e-01, 3.385129890011477e+00, -1.612642441232718e-02, 1.066413049110894e+00, 1.120933181050737e-01, 9.167700186350086e-01
294, 5.022734664953230e-01, 3.385129890011477e+00, -2.914654924374796e-02, 1.037607549588891e+00, 6.347480014328119e-02, 9.231977890079557e-01
295, 9.144399999999999e-01, 3.385129890011477e+00, -3.657759999999999e-02, 9.991154198111594e-01, -1.493012741089376e-03, 9.282308394368998e-01
296, 1.326606533504676e+00, 3.385129890011477e+00, -2.914654924374799e-02, 9.613208905477740e-01, -6.528340104683023e-02, 9.335130316814668e-01
297, 1.598204782640630e+00, 3.385129890011477e+00, -1.612642441232719e-02, 9.322001950983805e-01, -1.144339132149938e-01, 9.382022929763860e-01
298, 1.734992968597852e+00, 3.385129890011477e+00, -7.125032676983274e-03, 9.148800388803036e-01, -1.436672311634088e-01, 9.397963567522188e-01
299, 1.796379825309234e+00, 3.385129890011477e+00, -2.552640490301740e-03, 9.280340348492793e-01, -1.214656446643275e-01, 9.320389009591564e-01
300, 1.821904282264302e+00, 3.385129890011477e+00, -5.514419586085727e-04, 9.529187664354837e-01, -7.946467992930786e-02, 9.014618017836261e-01
301, 1.828880000000000e+00, 3.385129890011477e+00, 0.000000000000000e+00, 1.034645664181676e+00, 5.847566868362838e-02, 8.251865202331279e-01
302, 1.821904282264302e+00, 3.385129890011477e+00, 5.514419586085727e-04, 9.529187433422788e-01, -7.946471890649681e-02, 9.014617396271389e-01
303, 1.796379825309234e+00, 3.385129890011477e+00, 2.552640490301724e-03, 9.280340766856677e-01, -1.214655740520056e-01, 9.320389066415566e-01
304, 1.734992968597852e+00, 3.385129890011477e+00, 7.125032676983260e-03, 9.148800415643643e-01, -1.436672266331955e-01, 9.397963609858709e-01
305, 1.598204782640630e+00, 3.385129890011477e+00, 1.612642441232717e-02, 9.322001942113757e-01, -1.144339147120988e-01, 9.382022937347458e-01
306, 1.326606533504678e+00, 3.385129890011477e+00, 2.914654924374794e-02, 9.613208905579274e-01, -6.528340102969324e-02, 9.335130317053801e-01
307, 9.144400000000004e-01, 3.385129890011477e+00, 3.657760000000000e-02, 9.991154198206907e-01, -1.493012725002123e-03, 9.282308393995939e-01
308, 5.022734664953240e-01, 3.385129890011477e+00, 2.914654924374799e-02, 1.037607549503074e+00, 6.347479999843689e-02, 9.231977885518156e-01
309, 2.306752173593705e-01, 3.385129890011477e+00, 1.612642441232721e-02, 1.066413046869676e+00, 1.120933143222994e-01, 9.167700148545929e-01
310, 9.388703140214816e-02, 3.385129890011477e+00, 7.125032676983283e-03, 1.076066021269003e+00, 1.283858041942402e-01, 8.950205107032376e-01
311, 3.250017469076594e-02, 3.385129890011477e+00, 2.552640490301742e-03, 1.086637891903610e+00, 1.462292261403084e-01, 8.498631186015083e-01
312, 6.975717735697939e-03, 3.385129890011477e+00, 5.514419586085814e-04, 1.135875396113250e+00, 2.293333042689204e-01, 8.106239486375560e-01
313, 6.975717735697939e-03, 2.524375267582470e+00, -5.514419586085814e-04, 1.136028840220348e+00, 2.295922904070142e-01, 8.105490767264575e-01
314, 0.000000000000000e+00, 2.524375267582470e+00, 0.000000000000000e+00, 1.198189935487562e+00, 3.345090728591049e-01, 7.512453872870577e-01
315, 3.250017469076583e-02, 2.524375267582470e+00, -2.552640490301735e-03, 1.086729143367663e+00, 1.463832422489585e-01, 8.498021367866405e-01
316, 9.388703140214816e-02, 2.524375267582470e+00, -7.125032676983283e-03, 1.076220730143631e+00, 1.286469250331334e-01, 8.949562170721446e-01
317, 2.306752173593699e-01, 2.524375267582470e+00, -1.612642441232718e-02, 1.066528072867397e+00, 1.122874575806726e-01, 9.167309503486462e-01
318, 5.022734664953230e-01, 2.524375267582470e+00, -2.914654924374796e-02, 1.037694824775822e+00, 6.362210500915208e-02, 9.231805881666616e-01
319, 9.144399999999999e-01, 2.524375267582470e+00, -3.657759999999999e-02, 9.991209086449830e-01, -1.483748573820144e-03, 9.282391362349585e-01
320, 1.326606533504676e+00, 2.524375267582470e+00, -2.914654924374799e-02, 9.612208159398141e-01, -6.545230904028132e-02, 9.335450536109174e-01
321, 1.598204782640630e+00, 2.524375267582470e+00, -1.612642441232719e-02, 9.320374466028958e-01, -1.147086034922769e-01, 9.382420832862548e-01
322, 1.734992968597852e+00, 2.524375267582470e+00, -7.125032676983274e-03, 9.146999213987717e-01, -1.439712371746360e-01, 9.398195338430001e-01
323, 1.796379825309234e+00, 2.524375267582470e+00, -2.552640490301740e-03, 9.278660145094869e-01, -1.217492328694861e-01, 9.319295388780264e-01
324, 1.821904282264302e+00, 2.524375267582470e+00, -5.514419586085727e-04, 9.530657189414253e-01, -7.921665044993025e-02, 9.016090948345381e-01
325, 1.828880000000000e+00, 2.524375267582470e+00, 0.000000000000000e+00, 1.033924741298349e+00, 5.725888012818829e-02, 8.260141410859602e-01
326, 1.821904282264302e+00, 2.524375267582470e+00, 5.514419586085727e-04, 9.530656950085296e-01, -7.921669084436680e-02, 9.016090319939714e-01
327, 1.796379825309234e+00, 2.524375267582470e+00, 2.552640490301724e-03, 9.278660586950043e-01, -1.217491582922558e-01, 9.319295442507064e-01
328, 1.734992968597852e+00, 2.524375267582470e+00, 7.125032676983260e-03, 9.146999238846862e-01, -1.439712329788580e-01, 9.398195379927384e-01
329, 1.598204782640630e+00, 2.524375267582470e+00, 1.612642441232717e-02, 9.320374457126633e-01, -1.147086049948296e-01, 9.382420840902014e-01
330, 1.326606533504678e+00, 2.524375267582470e+00, 2.914654924374794e-02, 9.612208159486194e-01, -6.545230902541958e-02, 9.335450536341183e-01
331, 9.144400000000004e-01, 2.524375267582470e+00, 3.657760000000000e-02, 9.991209086548382e-01, -1.483748557186474e-03, 9.282391361979418e-01
332, 5.022734664953240e-01, 2.524375267582470e+00, 2.914654924374799e-02, 1.037694824690572e+00, 6.362210486526457e-02, 9.231805877168215e-01
333, 2.306752173593705e-01, 2.524375267582470e+00, 1.612642441232721e-02, 1.066528070636393e+00, 1.122874538151379e-01, 9.167309466070700e-01
334, 9.388703140214816e-02, 2.524375267582470e+00, 7.125032676983283e-03, 1.076220717516808e+00, 1.286469037213212e-01, 8.949562020894192e-01
335, 3.250017469076594e-02, 2.524375267582470e+00, 2.552640490301742e-03, 1.086729134479004e+00, 1.463832272464968e-01, 8.498021089744104e-01
336, 6.975717735697939e-03, 2.524375267582470e+00, 5.514419586085814e-04, 1.136028865388033e+00, 2.295923328855533e-01, 8.105490465161543e-01
337, 6.975717735697939e-03, 1.419144454852164e+00, -5.514419586085814e-04, 1.136647950825326e+00, 2.306372380929760e-01, 8.105336371695310e-01
338, 0.000000000000000e+00, 1.419144454852164e+00, 0.000000000000000e+00, 1.195850793945495e+00, 3.305610213770848e-01, 7.527623457205583e-01
339, 3.250017469076583e-02, 1.419144454852164e+00, -2.552640490301735e-03, 1.086624305485529e+00, 1.462062947028232e-01, 8.499728491799475e-01
340, 9.388703140214816e-02, 1.419144454852164e+00, -7.125032676983283e-03, 1.076453338175327e+00, 1.290395256807439e-01, 8.949505020752376e-01
341, 2.306752173593699e-01, 1.419144454852164e+00, -1.612642441232718e-02, 1.066777515812845e+00, 1.127084725439589e-01, 9.167040502213052e-01
342, 5.022734664953230e-01, 1.419144454852164e+00, -2.914654924374796e-02, 1.037856336789398e+00, 6.389470832669127e-02, 9.231619997511933e-01
343, 9.144399999999999e-01, 1.419144454852164e+00, -3.657759999999999e-02, 9.991537337324954e-01, -1.428345712099335e-03, 9.282328772640046e-01
344, 1.326606533504676e+00, 1.419144454852164e+00, -2.914654924374799e-02, 9.611215668660829e-01, -6.561982367998438e-02, 9.335503467504183e-01
345, 1.598204782640630e+00, 1.419144454852164e+00, -1.612642441232719e-02, 9.318526739308433e-01, -1.150204666303618e-01, 9.382379734544821e-01
346, 1.734992968597852e+00, 1.419144454852164e+00, -7.125032676983274e-03, 9.144833945275188e-01, -1.443366957069963e-01, 9.397690287791115e-01
347, 1.796379825309234e+00, 1.419144454852164e+00, -2.552640490301740e-03, 9.276023913208250e-01, -1.221941815406005e-01, 9.320238092373884e-01
348, 1.821904282264302e+00, 1.419144454852164e+00, -5.514419586085727e-04, 9.531312039164179e-01, -7.910612355452012e-02, 9.015403160008482e-01
349, 1.828880000000000e+00, 1.419144454852164e+00, 0.000000000000000e+00, 1.032155902133559e+00, 5.427339679577185e-02, 8.269033184233976e-01
350, 1.821904282264302e+00, 1.419144454852164e+00, 5.514419586085727e-04, 9.531311811654702e-01, -7.910616195404024e-02, 9.015402575729469e-01
351, 1.796379825309234e+00, 1.419144454852164e+00, 2.552640490301724e-03, 9.276024351318920e-01, -1.221941075953754e-01, 9.320238157758800e-01
352, 1.734992968597852e+00, 1.419144454852164e+00, 7.125032676983260e-03, 9.144833968590584e-01, -1.443366917717755e-01, 9.397690318464984e-01
353, 1.598204782640630e+00, 1.419144454852164e+00, 1.612642441232717e-02, 9.318526731037673e-01, -1.150204680263177e-01, 9.382379742713389e-01
354, 1.326606533504678e+00, 1.419144454852164e+00, 2.914654924374794e-02, 9.611215668691649e-01, -6.561982367478238e-02, 9.335503467816824e-01
355, 9.144400000000004e-01, 1.419144454852164e+00, 3.657760000000000e-02, 9.991537337425166e-01, -1.428345695185336e-03, 9.282328772277467e-01
356, 5.022734664953240e-01, 1.419144454852164e+00, 2.914654924374799e-02, 1.037856336698733e+00, 6.389470817366458e-02, 9.231619993121439e-01
357, 2.306752173593705e-01, 1.419144454852164e+00, 1.612642441232721e-02, 1.066777513567712e+00, 1.127084687545778e-01, 9.167040465944707e-01
358, 9.388703140214816e-02, 1.419144454852164e+00, 7.125032676983283e-03, 1.076453325833708e+00, 1.290395048503036e-01, 8.949504875392845e-01
359, 3.250017469076594e-02, 1.419144454852164e+00, 2.552640490301742e-03, 1.086624297212503e+00, 1.462062807394395e-01, 8.499728216935006e-01
360, 6.975717735697939e-03, 1.419144454852164e+00, 5.514419586085814e-04, 1.136647975927117e+00, 2.306372804602979e-01, 8.105336065830141e-01
361, 6.975717735697939e-03, 0.000000000000000e+00, -5.514419586085814e-04, 1.139784790667000e+00, 2.359316612662031e-01, 8.121681307318575e-01
362, 0.000000000000000e+00, 0.000000000000000e+00, 0.000000000000000e+00, 1.179358873171606e+00, 3.027256163441910e-01, 7.663613241663273e-01
363, 3.250017469076583e-02, 0.000000000000000e+00, -2.552640490301735e-03, 1.086868501432411e+00, 1.466184536733917e-01, 8.510293427018566e-01
364, 9.388703140214816e-02, 0.000000000000000e+00, -7.125032676983283e-03, 1.076873680343785e+00, 1.297489878878367e-01, 8.948397353187616e-01
365, 2.306752173593699e-01, 0.000000000000000e+00, -1.612642441232718e-02, 1.067880291957260e+00, 1.145697609324532e-01, 9.164467661945187e-01
366, 5.022734664953230e-01, 0.000000000000000e+00, -2.914654924374796e-02, 1.038618322188759e+00, 6.518080304611040e-02, 9.229945378056793e-01
367, 9.144399999999999e-01, 0.000000000000000e+00, -3.657759999999999e-02, 9.994526190526788e-01, -9.238808859728728e-04, 9.280700931342867e-01
368, 1.326606533504676e+00, 0.000000000000000e+00, -2.914654924374799e-02, 9.610624406977252e-01, -6.571961805001827e-02, 9.333661602990891e-01
369, 1.598204782640630e+00, 0.000000000000000e+00, -1.612642441232719e-02, 9.314573265843303e-01, -1.156877420599340e-01, 9.379176073719832e-01
370, 1.734992968597852e+00, 0.000000000000000e+00, -7.125032676983274e-03, 9.142345341481186e-01, -1.447567274032565e-01, 9.394237699922104e-01
371, 1.796379825309234e+00, 0.000000000000000e+00, -2.552640490301740e-03, 9.262060580005720e-01, -1.245509418029774e-01, 9.326920959146052e-01
372, 1.821904282264302e+00, 0.000000000000000e+00, -5.514419586085727e-04, 9.520615284738153e-01, -8.091154389377649e-02, 8.985705068756560e-01
373, 1.828880000000000e+00, 0.000000000000000e+00, 0.000000000000000e+00, 1.017488115338872e+00, 2.951680282688391e-02, 8.318358231373411e-01
374, 1.821904282264302e+00, 0.000000000000000e+00, 5.514419586085727e-04, 9.520615214324504e-01, -8.091155577833788e-02, 8.985704745580185e-01
375, 1.796379825309234e+00, 0.000000000000000e+00, 2.552640490301724e-03, 9.262060856581497e-01, -1.245508951219456e-01, 9.326921092762523e-01
376, 1.734992968597852e+00, 0.000000000000000e+00, 7.125032676983260e-03, 9.142345359626034e-01, -1.447567243407315e-01, 9.394237683077580e-01
377, 1.598204782640630e+00, 0.000000000000000e+00, 1.612642441232717e-02, 9.314573262293339e-01, -1.156877426591044e-01, 9.379176077978325e-01
378, 1.326606533504678e+00, 0.000000000000000e+00, 2.914654924374794e-02, 9.610624406835578e-01, -6.571961807393020e-02, 9.333661603615723e-01
379, 9.144400000000004e-01, 0.000000000000000e+00, 3.657760000000000e-02, 9.994526190574758e-01, -9.238808778763098e-04, 9.280700931012449e-01
380, 5.022734664953240e-01, 0.000000000000000e+00, 2.914654924374799e-02, 1.038618322040927e+00, 6.518080279659617e-02, 9.229945374024245e-01
381, 2.306752173593705e-01, 0.000000000000000e+00, 1.612642441232721e-02, 1.067880289764086e+00, 1.145697572307686e-01, 9.164467631362901e-01
382, 9.388703140214816e-02, 0.000000000000000e+00, 7.125032676983283e-03, 1.076873670527895e+00, 1.297489713203729e-01, 8.948397232944774e-01
383, 3.250017469076594e-02, 0.000000000000000e+00, 2.552640490301742e-03, 1.086868495295797e+00, 1.466184433158874e-01, 8.510293186441920e-01
384, 6.975717735697939e-03, 0.000000000000000e+00, 5.514419586085814e-04, 1.139784811787932e+00, 2.359316969145496e-01, 8.121681035520653e-01
362, 0.000000000000000e+00, 0.000000000000000e+00, 0.000000000000000e+00, 1.179358873171606e+00, 0.000000000000000e+00, 7.663613241663273e-01
361, 6.975717735697939e-03, 0.000000000000000e+00, -5.514419586085814e-04, 1.139784790667000e+00, 0.000000000000000e+00, 8.121681307318575e-01
3995, 5.798323045653309e-03, 0.000000000000000e+00, -1.545470919688504e-02, 1.118928353902300e+00, 0.000000000000000e+00, 8.307562180966521e-01
3996, -1.494970342955437e-02, 0.000000000000000e+00, 0.000000000000000e+00, 1.035222672520749e+00, 0.000000000000000e+00, 8.627297258275723e-01
3997, -3.179066391784446e-03, 0.000000000000000e+00, -2.840656474306913e-02, 1.035205553825738e+00, 0.000000000000000e+00, 8.918056475293328e-01
3998, -3.414595114470143e-02, 0.000000000000000e+00, 0.000000000000000e+00, 1.009102354563646e+00, 0.000000000000000e+00, 9.221030285545831e-01
3999, -4.324030618114838e-02, 0.000000000000000e+00, -5.061882647832564e-02, 1.000270115154045e+00, 0.000000000000000e+00, 9.188215197360300e-01
4000, -8.632676248338444e-02, 0.000000000000000e+00, 0.000000000000000e+00, 9.982802596814538e-01, 0.000000000000000e+00, 9.203322575097199e-01
4001, -1.670781286418389e-01, 0.000000000000000e+00, -9.859941084872212e-02, 9.998188955610381e-01, 0.000000000000000e+00, 9.202624094382688e-01
4002, -2.281689137395760e-01, 0.000000000000000e+00, 0.000000000000000e+00, 1.000033431403868e+00, 0.000000000000000e+00, 9.200884669085878e-01
4003, -5.214970446961910e-01, 0.000000000000000e+00, -2.142581094063899e-01, 9.999971498443233e-01, 0.000000000000000e+00, 9.200039199328366e-01
4004, -6.137358560088205e-01, 0.000000000000000e+00, 0.000000000000000e+00, 1.000002294291050e+00, 0.000000000000000e+00, 9.199972733788970e-01
4005, -1.509305494836062e+00, 0.000000000000000e+00, -5.084034681357865e-01, 1.000000086053735e+00, 0.000000000000000e+00, 9.199999103141685e-01
4006, -1.661815468833826e+00, 0.000000000000000e+00, 0.000000000000000e+00, 9.999999942857721e-01, 0.000000000000000e+00, 9.199999625300008e-01
4007, -4.230232369673354e+00, 0.000000000000000e+00, -1.278275795065167e+00, 1.000000000421884e+00, 0.000000000000000e+00, 9.199999994937205e-01
4008, -4.510791235154426e+00, 0.000000000000000e+00, 0.000000000000000e+00, 9.999999996427164e-01, 0.000000000000000e+00, 9.200000003245818e-01
4009, -1.168043540866882e+01, 0.000000000000000e+00, -3.326227490126406e+00, 9.999999999968725e-01, 0.000000000000000e+00, 9.200000000026390e-01
4010, -1.225511029046390e+01, 0.000000000000000e+00, 0.000000000000000e+00, 1.000000000000132e+00, 0.000000000000000e+00, 9.200000000011332e-01
4011, -3.201441051098121e+01, 0.000000000000000e+00, -8.824900975802949e+00, 9.999999999999956e-01, 0.000000000000000e+00, 9.200000000000046e-01
4012, -3.330635205230074e+01, 0.000000000000000e+00, 0.000000000000000e+00, 1.000000000000004e+00, 0.000000000000000e+00, 9.199999999999972e-01
4013, -8.741368125917757e+01, 0.000000000000000e+00, -2.366744876035491e+01, 9.999999999999998e-01, 0.000000000000000e+00, 9.199999999999999e-01
4014, -9.052956000000000e+01, 0.000000000000000e+00, 0.000000000000000e+00, 9.999999999999998e-01, 0.000000000000000e+00, 9.199999999999999e-01
363, 3.250017469076583e-02, 0.000000000000000e+00, -2.552640490301735e-03, 1.086868501432411e+00, 0.000000000000000e+00, 8.510293427018566e-01
4015, 3.134541272592495e-02, 0.000000000000000e+00, -1.745767847871982e-02, 1.099012778175172e+00, 0.000000000000000e+00, 8.539334452592187e-01
4016, 2.275433522498760e-02, 0.000000000000000e+00, -3.217572866272737e-02, 1.062442003790089e+00, 0.000000000000000e+00, 8.680517535478905e-01
4017, -1.464722199219659e-02, 0.000000000000000e+00, -6.337759499486570e-02, 1.005469894781171e+00, 0.000000000000000e+00, 9.099732279048505e-01
4018, -1.283590918978800e-01, 0.000000000000000e+00, -1.406437004374260e-01, 9.998216664625658e-01, 0.000000000000000e+00, 9.198700422158018e-01
4019, -4.504750478149931e-01, 0.000000000000000e+00, -3.425166534871065e-01, 9.999825460543311e-01, 0.000000000000000e+00, 9.200117881185005e-01
4020, -1.342552737914325e+00, 0.000000000000000e+00, -8.809369021475296e-01, 9.999999170409098e-01, 0.000000000000000e+00, 9.200001108322514e-01
4021, -3.790042765884531e+00, 0.000000000000000e+00, -2.330366631284762e+00, 1.000000001939794e+00, 0.000000000000000e+00, 9.199999990028865e-01
4022, -1.047497396387719e+01, 0.000000000000000e+00, -6.250289731186712e+00, 1.000000000004899e+00, 0.000000000000000e+00, 9.199999999959557e-01
4023, -2.869234866289902e+01, 0.000000000000000e+00, -1.687700718667946e+01, 9.999999999999812e-01, 0.000000000000000e+00, 9.200000000000086e-01
4024, -7.827838702366422e+01, 0.000000000000000e+00, -4.572199999999999e+01, 9.999999999999998e-01, 0.000000000000000e+00, 9.199999999999999e-01
364, 9.388703140214816e-02, 0.000000000000000e+00, -7.125032676983283e-03, 1.076873680343785e+00, 0.000000000000000e+00, 8.948397353187616e-01
4025, 9.281634875438960e-02, 0.000000000000000e+00, -2.203634621065356e-02, 1.070157225353741e+00, 0.000000000000000e+00, 8.969071416457821e-01
4026, 8.496728260983333e-02, 0.000000000000000e+00, -3.832290731932495e-02, 1.103040554718630e+00, 0.000000000000000e+00, 8.895912209202808e-01
4027, 5.236114563764738e-02, 0.000000000000000e+00, -7.748787814780562e-02, 1.030622426734581e+00, 0.000000000000000e+00, 9.090686050742693e-01
4028, -4.380621106156690e-02, 0.000000000000000e+00, -1.805353523991970e-01, 1.001865883010832e+00, 0.000000000000000e+00, 9.192716449497648e-01
4029, -3.116174548680418e-01, 0.000000000000000e+00, -4.577470262576961e-01, 9.999942581899035e-01, 0.000000000000000e+00, 9.199983102800754e-01
4030, -1.046259632564581e+00, 0.000000000000000e+00, -1.208270777055330e+00, 9.999993906665307e-01, 0.000000000000000e+00, 9.200002531449263e-01
4031, -3.050999523485032e+00, 0.000000000000000e+00, -3.244882825763193e+00, 1.000000000425072e+00, 0.000000000000000e+00, 9.200000003501883e-01
4032, -8.510021711323828e+00, 0.000000000000000e+00, -8.776630308069223e+00, 1.000000000018432e+00, 0.000000000000000e+00, 9.199999999921546e-01
4033, -2.336122225135146e+01, 0.000000000000000e+00, -2.380802378903557e+01, 9.999999999999943e-01, 0.000000000000000e+00, 9.199999999999988e-01
4034, -6.374623249882266e+01, 0.000000000000000e+00, -6.466067249882265e+01, 9.999999999999994e-01, 0.000000000000000e+00, 9.200000000000002e-01
365, 2.306752173593699e-01, 0.000000000000000e+00, -1.612642441232718e-02, 1.067880291957260e+00, 0.000000000000000e+00, 9.164467661945187e-01
4035, 2.297825326868326e-01, 0.000000000000000e+00, -3.104945180984429e-02, 1.057011538447715e+00, 0.000000000000000e+00, 9.165110052698098e-01
4036, 2.234006187304208e-01, 0.000000000000000e+00, -4.877867623136733e-02, 1.103580968894827e+00, 0.000000000000000e+00, 9.092119286499480e-01
4037, 1.987135179759364e-01, 0.000000000000000e+00, -9.479353160412195e-02, 1.034580827250970e+00, 0.000000000000000e+00, 9.142221756162202e-01
4038, 1.286958972679371e-01, 0.000000000000000e+00, -2.190109026667858e-01, 1.002381530134162e+00, 0.000000000000000e+00, 9.194854080008460e-01
4039, -6.287485990334807e-02, 0.000000000000000e+00, -5.562997840711132e-01, 1.000008270637453e+00, 0.000000000000000e+00, 9.199962096711799e-01
4040, -5.842353878639558e-01, 0.000000000000000e+00, -1.472962840495874e+00, 9.999994116334121e-01, 0.000000000000000e+00, 9.200001677190017e-01
4041, -2.001825041459623e+00, 0.000000000000000e+00, -3.964597165907712e+00, 9.999999992277028e-01, 0.000000000000000e+00, 9.200000004605432e-01
4042, -5.855534276220997e+00, 0.000000000000000e+00, -1.073747213229867e+01, 1.000000000015038e+00, 0.000000000000000e+00, 9.199999999949510e-01
4043, -1.633127555640501e+01, 0.000000000000000e+00, -2.914797391093943e+01, 1.000000000000004e+00, 0.000000000000000e+00, 9.199999999999970e-01
4044, -4.480756000000002e+01, 0.000000000000000e+00, -7.919282702366421e+01, 9.999999999999998e-01, 0.000000000000000e+00, 9.199999999999999e-01
366, 5.022734664953230e-01, 0.000000000000000e+00, -2.914654924374796e-02, 1.038618322188759e+00, 0.000000000000000e+00, 9.229945378056793e-01
4045, 5.017347529193734e-01, 0.000000000000000e+00, -4.408654323018307e-02, 1.032587538064248e+00, 0.000000000000000e+00, 9.223832057781109e-01
4046, 4.980481780255387e-01, 0.000000000000000e+00, -6.299386306506675e-02, 1.061732967078092e+00, 0.000000000000000e+00, 9.175048794247106e-01
4047, 4.847584099142317e-01, 0.000000000000000e+00, -1.139059757806545e-01, 1.020092594077502e+00, 0.000000000000000e+00, 9.179767371276265e-01
4048, 4.481508746697556e-01, 0.000000000000000e+00, -2.522281465612359e-01, 1.001414083046523e+00, 0.000000000000000e+00, 9.198070529015923e-01
4049, 3.488825235698382e-01, 0.000000000000000e+00, -6.282624615898317e-01, 1.000008771124407e+00, 0.000000000000000e+00, 9.199985953623636e-01
4050, 7.942037930058432e-02, 0.000000000000000e+00, -1.650485482910272e+00, 9.999997026924196e-01, 0.000000000000000e+00, 9.200000669284160e-01
4051, -6.526978809922114e-01, 0.000000000000000e+00, -4.429228354942440e+00, 9.999999992638946e-01, 0.000000000000000e+00, 9.200000001914302e-01
4052, -2.642501250349759e+00, 0.000000000000000e+00, -1.198267902740659e+01, 1.000000000006684e+00, 0.000000000000000e+00, 9.199999999980275e-01
4053, -8.051102741705666e+00, 0.000000000000000e+00, -3.251512293700982e+01, 1.000000000000004e+00, 0.000000000000000e+00, 9.199999999999985e-01
4054, -2.275300876035493e+01, 0.000000000000000e+00, -8.832812125917756e+01, 9.999999999999998e-01, 0.000000000000000e+00, 9.199999999999999e-01
367, 9.144399999999999e-01, 0.000000000000000e+00, -3.657759999999999e-02, 9.994526190526788e-01, 0.000000000000000e+00, 9.280700931342867e-01
4055, 9.144399999999999e-01, 0.000000000000000e+00, -5.152730342955436e-02, 9.992681950281661e-01, 0.000000000000000e+00, 9.268884364325849e-01
4056, 9.144399999999999e-01, 0.000000000000000e+00, -7.090972732150877e-02, 1.007356183979400e+00, 0.000000000000000e+00, 9.243248769103397e-01
4057, 9.144399999999999e-01, 0.000000000000000e+00, -1.235966179784988e-01, 1.003168567109301e+00, 0.000000000000000e+00, 9.206680986613828e-01
4058, 9.144399999999999e-01, 0.000000000000000e+00, -2.668144354494035e-01, 1.000259768502918e+00, 0.000000000000000e+00, 9.200156356106775e-01
4059, 9.144399999999999e-01, 0.000000000000000e+00, -6.561208261921280e-01, 1.000002812295040e+00, 0.000000000000000e+00, 9.199996679686745e-01
4060, 9.144399999999998e-01, 0.000000000000000e+00, -1.714365313851053e+00, 9.999999621721921e-01, 0.000000000000000e+00, 9.199999998621451e-01
4061, 9.144399999999997e-01, 0.000000000000000e+00, -4.590972074721257e+00, 9.999999998051092e-01, 0.000000000000000e+00, 9.200000000337440e-01
4062, 9.144399999999991e-01, 0.000000000000000e+00, -1.241039996041717e+01, 1.000000000000598e+00, 0.000000000000000e+00, 9.199999999999240e-01
4063, 9.144399999999979e-01, 0.000000000000000e+00, -3.366580869105027e+01, 1.000000000000001e+00, 0.000000000000000e+00, 9.200000000000000e-01
4064, 9.144399999999945e-01, 0.000000000000000e+00, -9.144400000000000e+01, 9.999999999999998e-01, 0.000000000000000e+00, 9.199999999999999e-01
368, 1.326606533504676e+00, 0.000000000000000e+00, -2.914654924374799e-02, 9.610624406977252e-01, 0.000000000000000e+00, 9.333661602990891e-01
4065, 1.327145247080626e+00, 0.000000000000000e+00, -4.408654323018310e-02, 9.668217243880216e-01, 0.000000000000000e+00, 9.314076362180882e-01
4066, 1.331060450735723e+00, 0.000000000000000e+00, -6.296005708788853e-02, 9.554576081597288e-01, 0.000000000000000e+00, 9.312294349463923e-01
4067, 1.344575617865705e+00, 0.000000000000000e+00, -1.138388413891543e-01, 9.865557480985316e-01, 0.000000000000000e+00, 9.228883047318298e-01
4068, 1.381273997688111e+00, 0.000000000000000e+00, -2.521475795214927e-01, 9.990414346065764e-01, 0.000000000000000e+00, 9.201640502161151e-01
4069, 1.480544969864765e+00, 0.000000000000000e+00, -6.281815069870370e-01, 9.999920348511404e-01, 0.000000000000000e+00, 9.199994186729845e-01
4070, 1.749964156166533e+00, 0.000000000000000e+00, -1.650410880247016e+00, 1.000000203736861e+00, 0.000000000000000e+00, 9.199999385040663e-01
4071, 2.482016047260974e+00, 0.000000000000000e+00, -4.429163565898400e+00, 1.000000000756399e+00, 0.000000000000000e+00, 9.199999999640652e-01
4072, 4.471733717083322e+00, 0.000000000000000e+00, -1.198262691024388e+01, 9.999999999950875e-01, 0.000000000000000e+00, 9.200000000017140e-01
4073, 9.880211329646775e+00, 0.000000000000000e+00, -3.251508913706849e+01, 9.999999999999947e-01, 0.000000000000000e+00, 9.200000000000008e-01
4074, 2.458188876035490e+01, 0.000000000000000e+00, -8.832812125917756e+01, 9.999999999999998e-01, 0.000000000000000e+00, 9.199999999999999e-01
369, 1.598204782640630e+00, 0.000000000000000e+00, -1.612642441232719e-02, 9.314573265843303e-01, 0.000000000000000e+00, 9.379176073719832e-01
4075, 1.599097467313167e+00, 0.000000000000000e+00, -3.104945180984431e-02, 9.434027716178018e-01, 0.000000000000000e+00, 9.350350944917756e-01
4076, 1.606657512178717e+00, 0.000000000000000e+00, -4.842902610688436e-02, 9.135188618874061e-01, 0.000000000000000e+00, 9.376369475378337e-01
4077, 1.632856719150531e+00, 0.000000000000000e+00, -9.399511290645277e-02, 9.695751616693858e-01, 0.000000000000000e+00, 9.250524208489590e-01
4078, 1.703945333596162e+00, 0.000000000000000e+00, -2.178946304175470e-01, 9.975672121261073e-01, 0.000000000000000e+00, 9.202748922557128e-01
4079, 1.896207736913737e+00, 0.000000000000000e+00, -5.549782424759364e-01, 9.999745126763414e-01, 0.000000000000000e+00, 9.199965495503423e-01
4080, 2.417989747347800e+00, 0.000000000000000e+00, -1.471516209746200e+00, 1.000000522677926e+00, 0.000000000000000e+00, 9.199998506748459e-01
4081, 3.835747696207427e+00, 0.000000000000000e+00, -3.963100587856309e+00, 1.000000002596497e+00, 0.000000000000000e+00, 9.200000000296550e-01
4082, 7.689219459395397e+00, 0.000000000000000e+00, -1.073604603195442e+01, 9.999999999865771e-01, 0.000000000000000e+00, 9.200000000047673e-01
4083, 1.816378499653013e+01, 0.000000000000000e+00, -2.914689675204164e+01, 9.999999999999803e-01, 0.000000000000000e+00, 9.200000000000020e-01
4084, 4.663643999999999e+01, 0.000000000000000e+00, -7.919282702366422e+01, 9.999999999999998e-01, 0.000000000000000e+00, 9.199999999999999e-01
370, 1.734992968597852e+00, 0.000000000000000e+00, -7.125032676983274e-03, 9.142345341481186e-01, 0.000000000000000e+00, 9.394237699922104e-01
4085, 1.736063651245610e+00, 0.000000000000000e+00, -2.203634621065356e-02, 9.319583731332968e-01, 0.000000000000000e+00, 9.365804956714658e-01
4086, 1.746729493775902e+00, 0.000000000000000e+00, -3.704663059263143e-02, 8.869348364535506e-01, 0.000000000000000e+00, 9.398409641262926e-01
4087, 1.783880950408637e+00, 0.000000000000000e+00, -7.415212459238017e-02, 9.515119741047895e-01, 0.000000000000000e+00, 9.261793312449612e-01
4088, 1.884663508181915e+00, 0.000000000000000e+00, -1.751084588620297e-01, 9.956031414207042e-01, 0.000000000000000e+00, 9.201956509734982e-01
4089, 2.157200006292329e+00, 0.000000000000000e+00, -4.501791278021522e-01, 9.999411440036510e-01, 0.000000000000000e+00, 9.199862256139543e-01
4090, 2.896815564916432e+00, 0.000000000000000e+00, -1.198449447918183e+00, 1.000000902965738e+00, 0.000000000000000e+00, 9.199997186138722e-01
4091, 4.906446546554081e+00, 0.000000000000000e+00, -3.232845351502805e+00, 1.000000006138232e+00, 0.000000000000000e+00, 9.200000004635830e-01
4092, 1.036862534319816e+01, 0.000000000000000e+00, -8.763162579574294e+00, 9.999999999755503e-01, 0.000000000000000e+00, 9.200000000097426e-01
4093, 2.521600005947230e+01, 0.000000000000000e+00, -2.379628953496259e+01, 9.999999999999497e-01, 0.000000000000000e+00, 9.200000000000024e-01
4094, 6.557511249882265e+01, 0.000000000000000e+00, -6.466067249882266e+01, 1.000000000000000e+00, 0.000000000000000e+00, 9.199999999999998e-01
371, 1.796379825309234e+00, 0.000000000000000e+00, -2.552640490301740e-03, 9.262060580005720e-01, 0.000000000000000e+00, 9.326920959146052e-01
4095, 1.797534587274075e+00, 0.000000000000000e+00, -1.745767847871983e-02, 9.388322703362395e-01, 0.000000000000000e+00, 9.302809519220669e-01
4096, 1.810573412362769e+00, 0.000000000000000e+00, -2.938778946039328e-02, 9.046346578700928e-01, 0.000000000000000e+00, 9.177793447184436e-01
4097, 1.856155355895712e+00, 0.000000000000000e+00, -5.546202225444220e-02, 9.507904614488212e-01, 0.000000000000000e+00, 9.174222031306338e-01
4098, 1.979795849342072e+00, 0.000000000000000e+00, -1.265046632921281e-01, 9.947902406080062e-01, 0.000000000000000e+00, 9.193483504118732e-01
4099, 2.314118716660092e+00, 0.000000000000000e+00, -3.207260744855030e-01, 9.999118238392796e-01, 0.000000000000000e+00, 9.199653819550011e-01
4100, 3.221391987122301e+00, 0.000000000000000e+00, -8.496214224270776e-01, 1.000001056709376e+00, 0.000000000000000e+00, 9.199996775097335e-01
4101, 5.686558405782782e+00, 0.000000000000000e+00, -2.287971228167391e+00, 1.000000009812659e+00, 0.000000000000000e+00, 9.200000016970038e-01
4102, 1.238687572067074e+01, 0.000000000000000e+00, -6.198249995153019e+00, 9.999999999689092e-01, 0.000000000000000e+00, 9.200000000134336e-01
4103, 3.059977263946822e+01, 0.000000000000000e+00, -1.682777421491928e+01, 9.999999999999128e-01, 0.000000000000000e+00, 9.199999999999984e-01
4104, 8.010726702366419e+01, 0.000000000000000e+00, -4.572200000000004e+01, 1.000000000000000e+00, 0.000000000000000e+00, 9.199999999999998e-01
372, 1.821904282264302e+00, 0.000000000000000e+00, -5.514419586085727e-04, 9.520615284738153e-01, 0.000000000000000e+00, 8.985705068756560e-01
4105, 1.823081676954347e+00, 0.000000000000000e+00, -1.545470919688503e-02, 9.623819930754866e-01, 0.000000000000000e+00, 8.877132713336203e-01
4106, 1.837604750689313e+00, 0.000000000000000e+00, -2.380426490809434e-02, 9.633491324754710e-01, 0.000000000000000e+00, 8.699429897367258e-01
4107, 1.888494779902506e+00, 0.000000000000000e+00, -3.702983841797403e-02, 9.771647193218058e-01, 0.000000000000000e+00, 8.999937553193282e-01
4108, 2.026527403826423e+00, 0.000000000000000e+00, -7.323031975206619e-02, 9.966508822452078e-01, 0.000000000000000e+00, 9.180852119881632e-01
4109, 2.399748729597000e+00, 0.000000000000000e+00, -1.732851139957672e-01, 9.999153222979663e-01, 0.000000000000000e+00, 9.199523945376056e-01
4110, 3.412569219421510e+00, 0.000000000000000e+00, -4.466732676739701e-01, 1.000000502374309e+00, 0.000000000000000e+00, 9.199998964984566e-01
4111, 6.164510429735810e+00, 0.000000000000000e+00, -1.190807153071205e+00, 1.000000009793400e+00, 0.000000000000000e+00, 9.200000027491003e-01
4112, 1.364427531844862e+01, 0.000000000000000e+00, -3.214225807884141e+00, 9.999999999850385e-01, 0.000000000000000e+00, 9.200000000079503e-01
4113, 3.397587412911692e+01, 0.000000000000000e+00, -8.714871350759520e+00, 9.999999999999039e-01, 0.000000000000000e+00, 9.199999999999923e-01
4114, 8.924256125917756e+01, 0.000000000000000e+00, -2.366744876035493e+01, 1.000000000000000e+00, 0.000000000000000e+00, 9.199999999999999e-01
373, 1.828880000000000e+00, 0.000000000000000e+00, 0.000000000000000e+00, 1.017488115338872e+00, 0.000000000000000e+00, 8.318358231373411e-01
4115, 1.861042243107454e+00, 0.000000000000000e+00, 0.000000000000000e+00, 1.055718631785687e+00, 0.000000000000000e+00, 8.342557785438943e-01
4116, 1.880234840404460e+00, 0.000000000000000e+00, -1.019203225044221e-18, 1.012221720828219e+00, 0.000000000000000e+00, 8.539499100509420e-01
4117, 1.932405728877844e+00, 0.000000000000000e+00, -5.964029466600105e-18, 9.982544750650354e-01, 0.000000000000000e+00, 9.015400087998792e-01
4118, 2.074220906989606e+00, 0.000000000000000e+00, -2.154256102541182e-17, 9.997366664294947e-01, 0.000000000000000e+00, 9.189462535860472e-01
4119, 2.459714528650491e+00, 0.000000000000000e+00, -6.650295153514521e-17, 1.000010593712578e+00, 0.000000000000000e+00, 9.200001965416005e-01
4120, 3.507594835398144e+00, 0.000000000000000e+00, -1.923812926696906e-16, 1.000000340131166e+00, 0.000000000000000e+00, 9.200003356470144e-01
4121, 6.356028831630375e+00, 0.000000000000000e+00, -5.400306522530416e-16, 9.999999991209770e-01, 0.000000000000000e+00, 9.200000009218857e-01
4122, 1.409887520315343e+01, 0.000000000000000e+00, -1.493445048839749e-15, 9.999999999870437e-01, 0.000000000000000e+00, 9.199999999935835e-01
4123, 3.514611379541458e+01, 0.000000000000000e+00, -4.098125457602456e-15, 1.000000000000011e+00, 0.000000000000000e+00, 9.199999999999904e-01
4124, 9.235844000000000e+01, 0.000000000000000e+00, -1.119866019012306e-14, 1.000000000000000e+00, 0.000000000000000e+00, 9.199999999999999e-01
374, 1.821904282264302e+00, 0.000000000000000e+00, 5.514419586085727e-04, 9.520615214324504e-01, 0.000000000000000e+00, 8.985704745580185e-01
4125, 1.823081676954347e+00, 0.000000000000000e+00, 1.545470919688503e-02, 9.623819644045849e-01, 0.000000000000000e+00, 8.877132591910970e-01
4126, 1.837604750689314e+00, 0.000000000000000e+00, 2.380426490809433e-02, 9.633491436321572e-01, 0.000000000000000e+00, 8.699429792272620e-01
4127, 1.888494779902506e+00, 0.000000000000000e+00, 3.702983841797398e-02, 9.771647269166953e-01, 0.000000000000000e+00, 8.999937534783332e-01
4128, 2.026527403826423e+00, 0.000000000000000e+00, 7.323031975206606e-02, 9.966508822970331e-01, 0.000000000000000e+00, 9.180852121197098e-01
4129, 2.399748729597000e+00, 0.000000000000000e+00, 1.732851139957668e-01, 9.999153222811338e-01, 0.000000000000000e+00, 9.199523945512499e-01
4130, 3.412569219421510e+00, 0.000000000000000e+00, 4.466732676739690e-01, 1.000000502374216e+00, 0.000000000000000e+00, 9.199998964985387e-01
4131, 6.164510429735810e+00, 0.000000000000000e+00, 1.190807153071202e+00, 1.000000009793401e+00, 0.000000000000000e+00, 9.200000027490984e-01
4132, 1.364427531844862e+01, 0.000000000000000e+00, 3.214225807884132e+00, 9.999999999850384e-01, 0.000000000000000e+00, 9.200000000079503e-01
4133, 3.397587412911692e+01, 0.000000000000000e+00, 8.714871350759498e+00, 9.999999999999039e-01, 0.000000000000000e+00, 9.199999999999923e-01
4134, 8.924256125917758e+01, 0.000000000000000e+00, 2.366744876035487e+01, 1.000000000000000e+00, 0.000000000000000e+00, 9.199999999999999e-01
375, 1.796379825309234e+00, 0.000000000000000e+00, 2.552640490301724e-03, 9.262060856581497e-01, 0.000000000000000e+00, 9.326921092762523e-01
4135, 1.797534587274075e+00, 0.000000000000000e+00, 1.745767847871981e-02, 9.388322707972918e-01, 0.000000000000000e+00, 9.302809775041487e-01
4136, 1.810573412362769e+00, 0.000000000000000e+00, 2.938778946039326e-02, 9.046346632355965e-01, 0.000000000000000e+00, 9.177793493073382e-01
4137, 1.856155355895712e+00, 0.000000000000000e+00, 5.546202225444214e-02, 9.507904689971161e-01, 0.000000000000000e+00, 9.174222022861683e-01
4138, 1.979795849342072e+00, 0.000000000000000e+00, 1.265046632921280e-01, 9.947902422765359e-01, 0.000000000000000e+00, 9.193483504310298e-01
4139, 2.314118716660093e+00, 0.000000000000000e+00, 3.207260744855026e-01, 9.999118239178154e-01, 0.000000000000000e+00, 9.199653819689415e-01
4140, 3.221391987122302e+00, 0.000000000000000e+00, 8.496214224270765e-01, 1.000001056709477e+00, 0.000000000000000e+00, 9.199996775101443e-01
4141, 5.686558405782784e+00, 0.000000000000000e+00, 2.287971228167388e+00, 1.000000009812648e+00, 0.000000000000000e+00, 9.200000016970040e-01
4142, 1.238687572067075e+01, 0.000000000000000e+00, 6.198249995153010e+00, 9.999999999689092e-01, 0.000000000000000e+00, 9.200000000134336e-01
4143, 3.059977263946823e+01, 0.000000000000000e+00, 1.682777421491926e+01, 9.999999999999128e-01, 0.000000000000000e+00, 9.199999999999984e-01
4144, 8.010726702366422e+01, 0.000000000000000e+00, 4.572199999999997e+01, 1.000000000000000e+00, 0.000000000000000e+00, 9.199999999999998e-01
376, 1.734992968597852e+00, 0.000000000000000e+00, 7.125032676983260e-03, 9.142345359626034e-01, 0.000000000000000e+00, 9.394237683077580e-01
4145, 1.736063651245611e+00, 0.000000000000000e+00, 2.203634621065354e-02, 9.319583762806974e-01, 0.000000000000000e+00, 9.365804950847613e-01
4146, 1.746729493775902e+00, 0.000000000000000e+00, 3.704663059263143e-02, 8.869348379476970e-01, 0.000000000000000e+00, 9.398409623080204e-01
4147, 1.783880950408637e+00, 0.000000000000000e+00, 7.415212459238013e-02, 9.515119763470073e-01, 0.000000000000000e+00, 9.261793291545692e-01
4148, 1.884663508181915e+00, 0.000000000000000e+00, 1.751084588620297e-01, 9.956031418449285e-01, 0.000000000000000e+00, 9.201956507356277e-01
4149, 2.157200006292329e+00, 0.000000000000000e+00, 4.501791278021520e-01, 9.999411440064904e-01, 0.000000000000000e+00, 9.199862256121319e-01
4150, 2.896815564916433e+00, 0.000000000000000e+00, 1.198449447918182e+00, 1.000000902965385e+00, 0.000000000000000e+00, 9.199997186139572e-01
4151, 4.906446546554084e+00, 0.000000000000000e+00, 3.232845351502804e+00, 1.000000006138231e+00, 0.000000000000000e+00, 9.200000004635830e-01
4152, 1.036862534319816e+01, 0.000000000000000e+00, 8.763162579574290e+00, 9.999999999755503e-01, 0.000000000000000e+00, 9.200000000097426e-01
4153, 2.521600005947231e+01, 0.000000000000000e+00, 2.379628953496258e+01, 9.999999999999497e-01, 0.000000000000000e+00, 9.200000000000024e-01
4154, 6.557511249882268e+01, 0.000000000000000e+00, 6.466067249882262e+01, 1.000000000000000e+00, 0.000000000000000e+00, 9.199999999999998e-01
377, 1.598204782640630e+00, 0.000000000000000e+00, 1.612642441232717e-02, 9.314573262293339e-01, 0.000000000000000e+00, 9.379176077978325e-01
4155, 1.599097467313168e+00, 0.000000000000000e+00, 3.104945180984429e-02, 9.434027717381237e-01, 0.000000000000000e+00, 9.350350942556552e-01
4156, 1.606657512178718e+00, 0.000000000000000e+00, 4.842902610688434e-02, 9.135188615838105e-01, 0.000000000000000e+00, 9.376369472273697e-01
4157, 1.632856719150531e+00, 0.000000000000000e+00, 9.399511290645272e-02, 9.695751617728908e-01, 0.000000000000000e+00, 9.250524206342364e-01
4158, 1.703945333596163e+00, 0.000000000000000e+00, 2.178946304175469e-01, 9.975672121112017e-01, 0.000000000000000e+00, 9.202748922490230e-01
4159, 1.896207736913738e+00, 0.000000000000000e+00, 5.549782424759361e-01, 9.999745126733799e-01, 0.000000000000000e+00, 9.199965495514282e-01
4160, 2.417989747347801e+00, 0.000000000000000e+00, 1.471516209746199e+00, 1.000000522677908e+00, 0.000000000000000e+00, 9.199998506748529e-01
4161, 3.835747696207431e+00, 0.000000000000000e+00, 3.963100587856308e+00, 1.000000002596497e+00, 0.000000000000000e+00, 9.200000000296548e-01
4162, 7.689219459395405e+00, 0.000000000000000e+00, 1.073604603195442e+01, 9.999999999865771e-01, 0.000000000000000e+00, 9.200000000047673e-01
4163, 1.816378499653015e+01, 0.000000000000000e+00, 2.914689675204162e+01, 9.999999999999803e-01, 0.000000000000000e+00, 9.200000000000020e-01
4164, 4.663644000000004e+01, 0.000000000000000e+00, 7.919282702366418e+01, 9.999999999999998e-01, 0.000000000000000e+00, 9.199999999999999e-01
378, 1.326606533504678e+00, 0.000000000000000e+00, 2.914654924374794e-02, 9.610624406835578e-01, 0.000000000000000e+00, 9.333661603615723e-01
4165, 1.327145247080627e+00, 0.000000000000000e+00, 4.408654323018305e-02, 9.668217243884237e-01, 0.000000000000000e+00, 9.314076362289627e-01
4166, 1.331060450735725e+00, 0.000000000000000e+00, 6.296005708788849e-02, 9.554576081613173e-01, 0.000000000000000e+00, 9.312294349738253e-01
4167, 1.344575617865706e+00, 0.000000000000000e+00, 1.138388413891542e-01, 9.865557481018561e-01, 0.000000000000000e+00, 9.228883047474385e-01
4168, 1.381273997688112e+00, 0.000000000000000e+00, 2.521475795214926e-01, 9.990414346049037e-01, 0.000000000000000e+00, 9.201640502192608e-01
4169, 1.480544969864766e+00, 0.000000000000000e+00, 6.281815069870369e-01, 9.999920348511927e-01, 0.000000000000000e+00, 9.199994186730439e-01
4170, 1.749964156166535e+00, 0.000000000000000e+00, 1.650410880247016e+00, 1.000000203736867e+00, 0.000000000000000e+00, 9.199999385040639e-01
4171, 2.482016047260979e+00, 0.000000000000000e+00, 4.429163565898398e+00, 1.000000000756399e+00, 0.000000000000000e+00, 9.199999999640650e-01
4172, 4.471733717083334e+00, 0.000000000000000e+00, 1.198262691024388e+01, 9.999999999950875e-01, 0.000000000000000e+00, 9.200000000017140e-01
4173, 9.880211329646800e+00, 0.000000000000000e+00, 3.251508913706846e+01, 9.999999999999947e-01, 0.000000000000000e+00, 9.200000000000008e-01
4174, 2.458188876035498e+01, 0.000000000000000e+00, 8.832812125917755e+01, 9.999999999999998e-01, 0.000000000000000e+00, 9.199999999999999e-01
379, 9.144400000000004e-01, 0.000000000000000e+00, 3.657760000000000e-02, 9.994526190574758e-01, 0.000000000000000e+00, 9.280700931012449e-01
4175, 9.144400000000004e-01, 0.000000000000000e+00, 5.152730342955437e-02, 9.992681950273583e-01, 0.000000000000000e+00, 9.268884364501938e-01
4176, 9.144400000000004e-01, 0.000000000000000e+00, 7.090972732150878e-02, 1.007356183969571e+00, 0.000000000000000e+00, 9.243248769046762e-01
4177, 9.144400000000004e-01, 0.000000000000000e+00, 1.235966179784988e-01, 1.003168567114032e+00, 0.000000000000000e+00, 9.206680986641166e-01
4178, 9.144400000000004e-01, 0.000000000000000e+00, 2.668144354494035e-01, 1.000259768502491e+00, 0.000000000000000e+00, 9.200156356105265e-01
4179, 9.144400000000005e-01, 0.000000000000000e+00, 6.561208261921280e-01, 1.000002812295054e+00, 0.000000000000000e+00, 9.199996679686607e-01
4180, 9.144400000000007e-01, 0.000000000000000e+00, 1.714365313851053e+00, 9.999999621721919e-01, 0.000000000000000e+00, 9.199999998621451e-01
4181, 9.144400000000011e-01, 0.000000000000000e+00, 4.590972074721257e+00, 9.999999998051092e-01, 0.000000000000000e+00, 9.200000000337440e-01
4182, 9.144400000000026e-01, 0.000000000000000e+00, 1.241039996041717e+01, 1.000000000000598e+00, 0.000000000000000e+00, 9.199999999999240e-01
4183, 9.144400000000064e-01, 0.000000000000000e+00, 3.366580869105027e+01, 1.000000000000001e+00, 0.000000000000000e+00, 9.200000000000000e-01
4184, 9.144400000000168e-01, 0.000000000000000e+00, 9.144400000000000e+01, 9.999999999999998e-01, 0.000000000000000e+00, 9.199999999999999e-01
380, 5.022734664953240e-01, 0.000000000000000e+00, 2.914654924374799e-02, 1.038618322040927e+00, 0.000000000000000e+00, 9.229945374024245e-01
4185, 5.017347529193744e-01, 0.000000000000000e+00, 4.408654323018310e-02, 1.032587537995056e+00, 0.000000000000000e+00, 9.223832058399641e-01
4186, 4.980481780255398e-01, 0.000000000000000e+00, 6.299386306506677e-02, 1.061732966896335e+00, 0.000000000000000e+00, 9.175048794017304e-01
4187, 4.847584099142328e-01, 0.000000000000000e+00, 1.139059757806545e-01, 1.020092594143810e+00, 0.000000000000000e+00, 9.179767371559288e-01
4188, 4.481508746697568e-01, 0.000000000000000e+00, 2.522281465612359e-01, 1.001414083043569e+00, 0.000000000000000e+00, 9.198070529012592e-01
4189, 3.488825235698396e-01, 0.000000000000000e+00, 6.282624615898318e-01, 1.000008771124404e+00, 0.000000000000000e+00, 9.199985953623511e-01
4190, 7.942037930058632e-02, 0.000000000000000e+00, 1.650485482910272e+00, 9.999997026924206e-01, 0.000000000000000e+00, 9.200000669284158e-01
4191, -6.526978809922072e-01, 0.000000000000000e+00, 4.429228354942439e+00, 9.999999992638946e-01, 0.000000000000000e+00, 9.200000001914302e-01
4192, -2.642501250349750e+00, 0.000000000000000e+00, 1.198267902740659e+01, 1.000000000006684e+00, 0.000000000000000e+00, 9.199999999980275e-01
4193, -8.051102741705643e+00, 0.000000000000000e+00, 3.251512293700983e+01, 1.000000000000004e+00, 0.000000000000000e+00, 9.199999999999985e-01
4194, -2.275300876035487e+01, 0.000000000000000e+00, 8.832812125917758e+01, 9.999999999999998e-01, 0.000000000000000e+00, 9.199999999999999e-01
381, 2.306752173593705e-01, 0.000000000000000e+00, 1.612642441232721e-02, 1.067880289764086e+00, 0.000000000000000e+00, 9.164467631362901e-01
4195, 2.297825326868331e-01, 0.000000000000000e+00, 3.104945180984433e-02, 1.057011537328890e+00, 0.000000000000000e+00, 9.165110045980109e-01
4196, 2.234006187304215e-01, 0.000000000000000e+00, 4.877867623136736e-02, 1.103580967506728e+00, 0.000000000000000e+00, 9.092119287358995e-01
4197, 1.987135179759369e-01, 0.000000000000000e+00, 9.479353160412200e-02, 1.034580827790490e+00, 0.000000000000000e+00, 9.142221758209481e-01
4198, 1.286958972679378e-01, 0.000000000000000e+00, 2.190109026667859e-01, 1.002381530134069e+00, 0.000000000000000e+00, 9.194854079973535e-01
4199, -6.287485990334685e-02, 0.000000000000000e+00, 5.562997840711135e-01, 1.000008270637255e+00, 0.000000000000000e+00, 9.199962096711422e-01
4200, -5.842353878639538e-01, 0.000000000000000e+00, 1.472962840495875e+00, 9.999994116334123e-01, 0.000000000000000e+00, 9.200001677190033e-01
4201, -2.001825041459619e+00, 0.000000000000000e+00, 3.964597165907715e+00, 9.999999992277028e-01, 0.000000000000000e+00, 9.200000004605432e-01
4202, -5.855534276220986e+00, 0.000000000000000e+00, 1.073747213229868e+01, 1.000000000015038e+00, 0.000000000000000e+00, 9.199999999949510e-01
4203, -1.633127555640499e+01, 0.000000000000000e+00, 2.914797391093945e+01, 1.000000000000004e+00, 0.000000000000000e+00, 9.199999999999970e-01
4204, -4.480755999999995e+01, 0.000000000000000e+00, 7.919282702366425e+01, 9.999999999999998e-01, 0.000000000000000e+00, 9.199999999999999e-01
382, 9.388703140214816e-02, 0.000000000000000e+00, 7.125032676983283e-03, 1.076873670527895e+00, 0.000000000000000e+00, 8.948397232944774e-01
4205, 9.281634875438960e-02, 0.000000000000000e+00, 2.203634621065356e-02, 1.070157219170607e+00, 0.000000000000000e+00, 8.969071351080518e-01
4206, 8.496728260983333e-02, 0.000000000000000e+00, 3.832290731932495e-02, 1.103040551356802e+00, 0.000000000000000e+00, 8.895912218010036e-01
4207, 5.236114563764738e-02, 0.000000000000000e+00, 7.748787814780565e-02, 1.030622428787042e+00, 0.000000000000000e+00, 9.090686054760370e-01
4208, -4.380621106156690e-02, 0.000000000000000e+00, 1.805353523991971e-01, 1.001865883092847e+00, 0.000000000000000e+00, 9.192716449013457e-01
4209, -3.116174548680416e-01, 0.000000000000000e+00, 4.577470262576961e-01, 9.999942581893176e-01, 0.000000000000000e+00, 9.199983102795153e-01
4210, -1.046259632564581e+00, 0.000000000000000e+00, 1.208270777055330e+00, 9.999993906664981e-01, 0.000000000000000e+00, 9.200002531449498e-01
4211, -3.050999523485032e+00, 0.000000000000000e+00, 3.244882825763194e+00, 1.000000000425072e+00, 0.000000000000000e+00, 9.200000003501879e-01
4212, -8.510021711323828e+00, 0.000000000000000e+00, 8.776630308069226e+00, 1.000000000018432e+00, 0.000000000000000e+00, 9.199999999921546e-01
4213, -2.336122225135145e+01, 0.000000000000000e+00, 2.380802378903558e+01, 9.999999999999943e-01, 0.000000000000000e+00, 9.199999999999988e-01
4214, -6.374623249882265e+01, 0.000000000000000e+00, 6.466067249882266e+01, 9.999999999999994e-01, 0.000000000000000e+00, 9.200000000000002e-01
383, 3.250017469076594e-02, 0.000000000000000e+00, 2.552640490301742e-03, 1.086868495295797e+00, 0.000000000000000e+00, 8.510293186441920e-01
4215, 3.134541272592506e-02, 0.000000000000000e+00, 1.745767847871983e-02, 1.099012767613266e+00, 0.000000000000000e+00, 8.539334299285202e-01
4216, 2.275433522498771e-02, 0.000000000000000e+00, 3.217572866272738e-02, 1.062442004448397e+00, 0.000000000000000e+00, 8.680517551912860e-01
4217, -1.464722199219637e-02, 0.000000000000000e+00, 6.337759499486571e-02, 1.005469897079759e+00, 0.000000000000000e+00, 9.099732270347458e-01
4218, -1.283590918978798e-01, 0.000000000000000e+00, 1.406437004374260e-01, 9.998216666041055e-01, 0.000000000000000e+00, 9.198700420675785e-01
4219, -4.504750478149929e-01, 0.000000000000000e+00, 3.425166534871068e-01, 9.999825460527904e-01, 0.000000000000000e+00, 9.200117881180450e-01
4220, -1.342552737914324e+00, 0.000000000000000e+00, 8.809369021475302e-01, 9.999999170408209e-01, 0.000000000000000e+00, 9.200001108323260e-01
4221, -3.790042765884531e+00, 0.000000000000000e+00, 2.330366631284765e+00, 1.000000001939795e+00, 0.000000000000000e+00, 9.199999990028865e-01
4222, -1.047497396387719e+01, 0.000000000000000e+00, 6.250289731186719e+00, 1.000000000004899e+00, 0.000000000000000e+00, 9.199999999959557e-01
4223, -2.869234866289901e+01, 0.000000000000000e+00, 1.687700718667947e+01, 9.999999999999812e-01, 0.000000000000000e+00, 9.200000000000086e-01
4224, -7.827838702366418e+01, 0.000000000000000e+00, 4.572200000000004e+01, 9.999999999999998e-01, 0.000000000000000e+00, 9.199999999999999e-01
384, 6.975717735697939e-03, 0.000000000000000e+00, 5.514419586085814e-04, 1.139784811787932e+00, 0.000000000000000e+00, 8.121681035520653e-01
4225, 5.798323045653309e-03, 0.000000000000000e+00, 1.545470919688504e-02, 1.118928355705008e+00, 0.000000000000000e+00, 8.307562046541551e-01
4226, -3.179066391784446e-03, 0.000000000000000e+00, 2.840656474306914e-02, 1.035205561070030e+00, 0.000000000000000e+00, 8.918056462467053e-01
4227, -4.324030618114838e-02, 0.000000000000000e+00, 5.061882647832569e-02, 1.000270116250779e+00, 0.000000000000000e+00, 9.188215175696198e-01
4228, -1.670781286418389e-01, 0.000000000000000e+00, 9.859941084872227e-02, 9.998188955152427e-01, 0.000000000000000e+00, 9.202624093461876e-01
4229, -5.214970446961910e-01, 0.000000000000000e+00, 2.142581094063903e-01, 9.999971498403610e-01, 0.000000000000000e+00, 9.200039199381203e-01
4230, -1.509305494836062e+00, 0.000000000000000e+00, 5.084034681357879e-01, 1.000000086053726e+00, 0.000000000000000e+00, 9.199999103142438e-01
4231, -4.230232369673352e+00, 0.000000000000000e+00, 1.278275795065171e+00, 1.000000000421885e+00, 0.000000000000000e+00, 9.199999994937199e-01
4232, -1.168043540866882e+01, 0.000000000000000e+00, 3.326227490126416e+00, 9.999999999968725e-01, 0.000000000000000e+00, 9.200000000026390e-01
4233, -3.201441051098120e+01, 0.000000000000000e+00, 8.824900975802976e+00, 9.999999999999956e-01, 0.000000000000000e+00, 9.200000000000046e-01
4234, -8.741368125917755e+01, 0.000000000000000e+00, 2.366744876035498e+01, 9.999999999999998e-01, 0.000000000000000e+00, 9.199999999999999e-01
